pn,qty,description
ACAB11420,0,PC GROUND CONNECTOR
ACAB14015,47,COSSE FASTON 2.8X0.5 CABLE 0.4
ACAB14402,0,EMBOUT CABLA.1mm² ROUGE
ACAB15176,0,MANCHON A4 SILICONE  NATUREL
ACAB15181,0,GRAY TERMINAL BLOCK
ACAB15182,0,GREEN TERMINAL BLOCK (GROUND)
ACAB15261,0,MASTER SWITCH
ACAB15263,0,ETIQUETTE IMPRI.TLS PTL31-427
ACAB15398,24,ENTRETOISE HMM3-F4-40
ACAB15490,0,ADHESIF TERM 3M 8820 50MM X 9M
ACC06000,1,PC TO SPP/BPP CABLE
ACOU14758,0,Waffer Mapping Motor Coupler
ACOU14759,0,X-Axis Drive Pulley Coupler
ACOU14760,0,ACOU OLDHAM ALU D8X8 LIM COUP
ACOU14767,0,ROTEX GS 92SHA GS2 0-5 2.0-7
AFEC06736,2,TOUCHSCREEN (MICROTOUCH)
AFEC06848,4,TOUCHSCREEN MANAGEMENT BOARD
AFEC14194,0,VGA BOARD
AFEC14197,0,SCREEN ADJUSTING
AFEC14198,0,TOUCHSCREEN FUJITSU + BOARD
AFEC14200,2,TOUCH SCREEN
AFEC14204,0,SCREEN INVERTER BOARD
AFEC14218,0,LCD SCREEN
AFEC15228,0,TOUCH SCREEN 1515L ACUTOUCH
AFEC15230,0,G-TOUCH 15 SCREEN
ALIM00691,13,POWER SUPPLY
ALIM01610,9,15V 60W POWER SUPPLY
ALIM01802,0,TBFF POWER SUPPLY
ALIM06530,2,POWER SUPPLY
ALIM08523,0,ASVGA POWER SUPPLY BOARD
ALIM11777,1,"POWER SUPPLY, 48 V"
ALIM14050,0,"5V10A 12V4A -5V/-12V0,8A"
ALIM14606,8,"POWER SUPPLY, TRACO"
ALIM14612,7,"POWER SUPPLY, 96V"
ALIM14616,0,POWER SUPPLY 48V/24V
ALIM14620,0,"POWER SUPLLY, 48 V"
ALIM14621,0,"POWER SUPPLY, 48V/600W MP6-2W"
ALIM14633,1,"PWR SPLY, 200V-110V/24V AC/DC"
ALIM14638,1,"POWER SUPPLY, 48V/24V, NFO"
ALIM14639,8,"POWER SUPLLY, 24 V"
ALIM14643,0,24V POWER SUPPLY
ALIM14645,2,"POWER SUPLLY, 48 V"
ALIM14653,3,Switch Regulated Power Item
ALIM14655,1,Meanwell 480W 24V Power Supply
AMBER0090-91686,0,AMBER Controller
AMNF8_A9103,0,Upper Roller
AMNF8_A9104,0,Lower Roller
AMNF8_A9310,0,MOTOR
AMNF8_M0022,0,Indexr Notch
ANAE200A01,0,200MM AUTOMATED NOTCH ALIGNER
ANF8_9029,0,LOWER ROLLER
ANF8_A0076,6,O' RING ASSEMBLY
ANF8_A0200,0,ALIGNER ASSEMBLY
ANF8_A0210,7,O' RING
ANF8_A0310,19,UP/DOWN MOTOR ASSEMBLY
ANF8_A0320,16,ROTATION MOTOR ASSEMBLY
ANF8_A9028,39,DRIVING ROLLER ASSEMBLY
ANF8_A9029,41,LOWER ROLLER
ANF8_A9103,0,Upper Roller
ANF8_A9104,0,Lower Roller
ANF8_M0022,0,Indexer Notch
ANF8_M0028,0,"DRIVING SILLICON ROLLER, 30MM"
ANF8_M0030,0,3MM NOTCH FINDER ROD
ANF8_M0031,3,10MM ROTATING ROD
ANF8_M0124,0,KEYBOARD SUPPORT PIN
ANF8K02,1,SENSOR KIT
ANF8K03,0,SAFETY BATTERY KIT
ANFAC001,4,ALIGNER U/D DESTINATION SENSOR
ANFAC009,0,CARRIER DETECTION SENSOR
ANFAC010,0,BUZZER
APC000912,0,HD ADAPTER BOARD
APC000921,0,MTI DONGLE ALPHA
APC000922,0,WINVISION BOARD
APC002356,0,IMAGE ACQUISITION BOARD CX104
APC002357,1,ERIM BOARD
APC005831,0,PC MTHBRD AMPRO LB2-486-Q-72
APC005832,0,"PC VGA BRD, AMPRO"
APC006526,25,ASVGA BOARD
APC006528,0,ADASTRA/AMPRO LB3 16 MO RAM
APC009294,0,MTI DONGLE ALPHA+BC
APC012267,9,"RAM, EDO, 32 MB"
APC013688,0,TOOL INTERFACE SWITCHER BOX
APC015055,0,LOGITECH MOUSE
APC015075,0,PENTIUM 166 MICRO PROCESSOR
APC015076,0,"MOTHERBOARD, ADVANTECH PC"
APC015084,0,RFID Tiris Tube Antenna
APC015096,0,ION TUBE 1626
APC015097,0,ION TUBE 711
APC015098,0,IONIZER CONTROL MODULE
APC015099,0,MONITORING IONIZER
APC015113,0,MOTHERBOARD
APC015117,0,TIRIS TAG READER
APC015122,0,"MOTHERBOARD, MATROX"
APC015123,5,"SDRAM, 128 MB, PC133"
APC015142,0,Orion Module
APC015149,6,MODULE TWIN ETHERNET ADVANTECH
APC015155,6,SDRAM 256MO PC100 KINGSTON
APC015156,0,HARD DRIVE
APC015166,10,"SCREEN BOARD, N&B PIA391"
APC015168,0,ETHERNET BOARD
APC015169,0,Ioniser controller
APC015170,0,Ioniser
APC015174,0,"HD 2,5P 40GO"
APC015176,1,Acquisition oard Matrox Meteor
APC015177,0,MOTHERBOARD AICSYS SBE-5207 AN
APC015178,6,"MOTHERBOARD, MATROX + ORION"
APC015179,0,HD HITACHI 80 GB
APC015181,0,NPORT SERVER
APC015182,3,LICENCE WINDOWS XP US
APC015187,0,TIRIS CONTROL BOARD
APC015188,0,RADIO FREEQUENCY BOARD
APC015189,0,CARTE PC104 + AVEC -5V
APC015189-1,0,JEDAO REPLACEMENT 1 OF 2
APC015189-2,0,JEDAO REPLACEMENT 2 OF 2
APC015190,0,CARTE PCM-3621 SATA CONTROLER
APC015197,3,PENTIUM M MOTHER BOARDPCM-9584
APC015197-A,21,"CPU 1.8, 96MPPM-1.8F4-2M4T"
APC015199,0,MINI PCI 4COM BOARD PCM-3121
APC015200,3,PWR SPLY - FSP600-80PSA -ECU44
APC015200-A,7,PWR SPLY - FSP700-80PSA -ECU52
APC015201,0,"BARRACUDA 250GB SATA 3,5 POUCE"
APC015201_A,0,CRUCIAL 128GB M4 SSD
APC015202-A,0,2G SO-DDR2-667 200PIN 128X8 SA
APC015205,1,DSMAX311 PC Board
APC015206,1,DSPAC111 board
APC015210,1,ORTNER RFID CONTROLLER
APC015211,1,ORTNER RFID ANTENNA
APC15055,6,FRAME LOCKER BOARD
AXE011481,1,X AXIS GUIDING RAIL (FRONT)
AXE015268,2,FRONT RAIL
AXE015341,2,BACK RAIL
AXE015342,2,Z TOWER RAIL
AXE015343,2,Y LINEAR RAIL FOR AXIS
AXE015387,0,Rail SSR 15XW1C1M+400
AXE015388,0,Rail SSR 15XV2C1M+400
AXE015389,0,Y Axis Rail
AXE015391,0,Antenna LIM Guide and Bearing
AXE015392,0,440MM SINGLE SLIDING BLOCK RAI
B-M6F,0,GREASE NIPPLE B-M6F
BAT000685,0,SPP8/BPP8 BATTTERY
BAT008531,2,PACK NIMH 12V/3AH  NP7_12
BAT010914,155,LITHIUM BATTERY
BAT011605,0,UNINTERUPTED POWER SUPPLY 110
BAT015014,0,UPS
BAT015100,0,BATTERIE ADASTRA
BAT015104,0,"UPS, 110VAC"
BAT015105,0,LITHIUM BATTERY
BAT015107,3,"UPS, KING 2200VA-110V"
BAT015108,0,BATTERY FOR UPS
BAT015111,0,UPS Battery
BAT015112,0,UPS 220V
BAT08531,0,UPS BATTERY
BFMA01A52210,1,FLIP MOTOR
BFMA01A52580,1,GRIP MOTOR
BFMA01A55015,0,MOTOR GRIP
BFMA01A55120,0,COMB
BFMA01A55122,0,BFM INSERT
BFMA01A55500,5,FIXED COMB
BFMA01M5503,0,WAFER SUPPORT SLOT COMB
BFMA01M55122,0,BFM INSERT
BFMA01M55500,0,FIXED COMB
BFMA01M55501,0,FIXED COMB PART 1
BFMA01M55502,0,FIXED COMB PART 2
BFS-300,0,SYSTEM WAFER FLIP BATCH BFS300
BFS300T51,0,BFS300 300MM BATCH FLIP SYSTEM
BFSA01A51015,24,FINGER FOR BFS
BFSA01A51065,3,SENSOR
BFSA01A55015,0,UP/DOWN MOTOR
BPP200H06,0,BATCH PICK&PLACE TOOLFOR8WAFE
BPP300,0,BATC H TRANSFER SYSTEM
BPP300A01_A5550,0,BATCH COMB U/D MOTION MOTORIZA
BPP300A01_M5353,4,SUPPORT TUBE
BPP300A01_M5354,0,WIRE GUIDE CYLINDRICAL TUBE
BPP300A01_M5599,1,BELT
BPP300T50,0,BPP300 BATCH TRANSFER SYSTEM
BPP8D01A0516,0,LEFT COMB ASSEMBLY
BPP8D01A0517,2,RIGHT COMB ASSEMBLY
BPP8K01,1,LINEAR BALL BEARING KIT
BPP8K02,1,BEARING KIT
BPP8K04,2,FUSE KIT
BPP8K05,2,LAMP LED KIT
BPP8K06,0,KIT OF DALLAS MICRON TROLLER
BPP8M_A0081,1,KEYBOARD ASSEMBLY
BPP8M_A0330,2,ANTENNA ASSEMBLY
BPP8M_A0362,0,ANTENNA MOTOR
BPP8M_A0509,1,RIGHT COMB ASSEMBLY
BPP8M_A0520,2,ON BOARD LED ASSEMBLY
BPP8M_A0540,0,COMB SCREW ASSY (MICRUS ONLY)
BPP8M_A0541,1,COMB MOTOR ASSEMBLY
BPP8M_A0593,2,F/B MOTOR ASSEMBLY
BPP8M_A0700,5,STATUS LIGHT
BPP8M_M0331,3,DRIVE BELT FOR BPP8M
BPP8M_M0504,0,Z-Axis Coupler Load
BPP8M_M0508,0,Z-Axis Spacer
BPP8M_M0522,0,Z-Axis Spacer
BPP8M_M0527,0,ON BOARD LED/PHOT FINGER COVER
BPP8M_M0532,0,EXCENTRIC PIECE
BPP8M_M0549,0,Z-Axis Roller Guide
BPP8M_M0553,0,Z-Axis Coupler Clamp
BPP8M_M0554,0,Z-Axis Coupler Drive
BPP8M_M0554M,0,Z-Axis Coupler Drive
BPP8M_M0558,0,Z-Axis Coupler Center
BPP8M_M0577,0,COVER
BPP8M_M0587,2,Y AXIS LEFT LOCK
BPP8M_M0588,3,RIGHT ARM LOCK FOR BPP8
BPP8M_M0682,1,MOUNTING PIN
BPPA00A60140,0,LED/PHOTO SUPPORT
BPPA00A60150,0,PHOTO SUPPORT
BPPA00A60240,0,LED/PHOTO SUPPORT
BPPA00A60250,0,LED SUPPORT
BPPA04M00021,0,CANOPY INTERFACE
BPPA04M00024,0,PIN
BPPAC004,0,WT05-RIBBON CABLE
BPPAH0022,2,ANTENNA DISTRIBUTION
BPPAH0080,1,COMB UP/DOWN MOTION
BPPAH1300,0,ANTENNA EMISSION INT
BPPAH1700,2,STATUS LIGHT BOARD
BPPAH2200,0,FORWARD BACKWARD MOTION
BPPAH2400,0,DC/DC POWER SUPPLY
BPPAH2500,2,BATTERY RELAY BOARD
BPPBH1500,2,INTERFACE BOARD
BPPBH1700,6,ANTENNA INTERFACE BOARD
BPPCH1500,2,DRIVER BOARD BATCH
BPPCH1700,0,RESTING PLANE INT BOARD
BPPDH1500,21,ANTENNA RECEPTION INT. BOARD
BPPH06A50015,0,Batch Comb Flip Transmission
BPPH06A50045,0,Right Batch Transfer Comb Asse
BPPH06A50055,0,Left Batch Transfer Comb Assem
BPPH06A50105,0,Batch Comb Flip Motor Assembly
BPPH06A50115,0,Batch Comb Flip Motor
BPPH06A50125,0,Batch Comb Flip Encoder
BPPH06A50405,0,Z-Comb wafer slide sensor asse
BPPH06M50216,0,Batch Comb Flip Trasmissinon
BPPH06M50219,5,WTU BELT
BPPH06M50256,0,Batch Comb Flip Roller
bppm8m_a0541,0,bppm8m_a0541
BPPM8M_M0554,0,CAB10932
BPPM8M_M0558,0,cab11605
BPPR03A20110,2,CAB12026
BPPR03A35100,1,CARRIER ELEVATOR ROTATION MOTO
BPPR03A42100,0,CAB12760
BPPR03M70001,0,FO12A02_M3457
BPPR08A10100,0,FOI2A02_M3460
BPPR08A17500,0,IDW8MR_A9005
BPPV01A41100,0,NFE8_M0422
BPPV01A41200,1,RTSB01A20041
BTCA00003,1,EMO BUTTON
BTCA00006,1,ROS Button
BTCA00009,1,Green Non lighting button
CAB10109,0,TIRIS ANTENNA EXT. CABLE
CAB10110,1,TIRIS ANTENNA
CAB10140,5,CABLE
CAB10141,20,LED + CABLE
CAB10154,1,LIGHT TOWER
CAB10167,0,GENERIC CABLE
CAB10169,0,REAR MOUSE CABLE
CAB10172,0,Door Sensor
CAB10330,6,INIT SENSOR CLAMP ROTATIVE CAN
CAB10331,2,CLAMP MOTOR END SENSOR
CAB10333,5,EXTERNAL SIGNAL CMD MTR CABLE
CAB10334,42,CLAMP MOTOR CABLE
CAB10344,0,CLAMP MOTOR CABLE
CAB10347,1,ROTTARY BUTTON CABLE
CAB10351,11,CABLE OUPUT UPS
CAB10352,0,GENERIC CABLE
CAB10365,1,ANTENNA PHOTO CABLE
CAB10382,0,CLAMP MOTOR CABLE
CAB10405,0,MAPPING ANTENNA MAIN ENCODER
CAB10406,0,SENSOR UNIT ANTENNA
CAB10438,9,D PWR CABLE ASSEMBLY
CAB10445,0,CABLE
CAB10447,3,CABLE
CAB10448,3,LED
CAB10464,5,CABLE FOR UPS
CAB10532,5,UPS CABLE
CAB10611,2,UP/DOWN MAIN ENCODER
CAB10613,3,U/D SECURITY ENCODER
CAB10686,3,TAG READER COMMUNICATION RS48
CAB10734,1,GENERIC CABLE
CAB10834,0,SUBSTRATE LOCATION BRAKE
CAB10876,0,CLAMP MOTOR RIBBON CABLE
CAB10882,0,RIBBON CABLE
CAB10883,1,RIBBON CABLE
CAB10891,0,GENERIC CABLE
CAB10903,0,# 6 CARRIER POSITION SENSOR CA
CAB10909,1,CARRIER PRESENCE SENSOR
CAB10932,0,CAB10932
CAB10933,0,Encoder BKW/FRD MOTOR
CAB10935,10,RHS SOLENOID VALVE
CAB10937,0,ROTATION CABLE
CAB10939,1,ROTATION MOTOR CABLE
CAB10941,8,LHS SOLENOID VALVE
CAB10958,9,DOCK/UNLOCK ENCODER
CAB10959,11,RACKET ENCODER
CAB10962,2,EXTENSION CABLE
CAB10968,0,HORIZONTAL NFO SAFETY BARRIER
CAB10969,0,HORIZONTAL NFO SAFETY BARRIER
CAB10970,0,CANOPY SENSOR CABLE
CAB11008,2,ALIGNER MOTOR
CAB11009,2,CLAMP MOTOR
CAB11020,1,SIGNAL BOOST BOARD
CAB11059,12,SUB-D9 / RJ45 EXTENSION CABLE
CAB11072,3,TRC Z AXIS RIBBON CABLE
CAB11075,0,X-axis Home Sensor Cable
CAB11080,8,X AXIS FLEXPAK
CAB11084,0,Y AXIS FLAT RIBBON CABLE
CAB11087,0,Cable Y/Z Link on Y Frame
CAB11093,1,TRANSFER MOTION SAFETY ENCODER
CAB11095,0,MAPPING RECEPTOR CABLE
CAB11096,0,MAPPING ANTENNA EMITTER
CAB11097,0,Antenna Flex Cables
CAB11098,0,4 PIN JST F/F 1850MM EXTENSION
CAB11121,0,Uninteruptable Power Supply Ca
CAB11187,2,CLAMP MOTOR W/CABLE
CAB11196,0,PINCHED CABLES
CAB11197,0,SCANNING ADJUSTMENT TOOL
CAB11246,0,KEYBOARD CABLE
CAB11256,5,WAFER FLIP ENCODER
CAB11333,0,CABLE FOR UPLOAD JTAG
CAB11352,3,ROTATION CABLE
CAB11373,0,FRONT STATUS LIGHT
CAB11407,0,FLEXPACK P12-760-F1F1
CAB11452,0,WAFER FLIP MOTOR CABLE
CAB11473,0,FLIP TOOL UP/DOWN BRAKE
CAB11474,0,Cable Generic Z Tower
CAB11494,0,CABLE
CAB11548,2,INTERNAL ROTATION CABLE
CAB11562,1,CANOPY SENSOR CABLE
CAB11575,0,VIDEO OCR EXTENSION
CAB1159,0,CABLE ID
CAB11594,0,CABLE ID
CAB11595,0,CABLE ID
cab11605,0,TIRIS RFID ANTENNA COMMUNICATI
CAB11668,0,LEFT VIGIL LIGHTING CABLE
CAB11685,0,EMO-ROS Extension Cable
CAB11686,0,EMO/ROS EXENSION CABLE
CAB11703,0,SUB-D25 M/F 4045MM SHIELDED EX
CAB11712,0,KEYBOARD/MOUSE CABLE
CAB11718,8,CAB12026
CAB11722,0,CAB12231
CAB11723,0,CAB12760
CAB11762,0,FO12A02_M3457
CAB11763,0,FOI2A02_M3460
CAB11764,0,IDW8MR_A9005
CAB11765,0,NFE8_M0422
CAB11766,0,RTSB01A20041
CAB11767,0,VMT8IN_0505
CAB11768,0,ETHERNET N-PORT
CAB11769,0,VIDEO CABLE
CAB11776,2,Z INIT SENSOR
CAB11786,2,"MAPPING PHOTO CABLE, F21"
CAB11787,2,"MAPPING LED CABLE, F21"
CAB11788,1,"PRESENCE PHOTO1, F21"
CAB11789,2,"PRESENCE PHOTO2,F21"
CAB11798,2,"ALIGN LED, F21"
CAB11800,2,ALIGNER MOTOR
CAB11821,0,3PIN JST F/F 1050MM EXTENSION
CAB11832,1,LEFT RIGHT ENCODER
CAB11855,0,UP DOWN SAFETY ENCODER
CAB11861,0,Cable
CAB11873,4,CABLE RIBON
CAB11877,2,FLEXPACK CABLE
CAB11975,2,GENERIC CABLE
CAB11976,2,GENERIC CABLE
CAB11978,2,EXTERNAL ALIGNER LED
CAB11979,2,GENERIC CABLE
CAB11980,3,GENERIC CABLE
CAB11981,3,GENERIC CABLE
CAB11984,1,UP DOWN BRAKE
CAB11988,1,CABLE MOTOR
CAB11989,3,GENERIC CABLE
CAB12025,1,CANOPY Z ENCODER
CAB12026,0,CANOPY Y ENCODER
CAB12068,0,POWER SUPPLY AND COM CABLE
CAB12080,0,NFO/BLM CONNECTING CABLE
CAB12231,0,CAB12231
CAB12367,0,CONNECTOR CABLE
CAB12391,2,BRUSHLESS VACUUM PUMP CABLE
CAB12403,0,EXTENSION CABLE
CAB12450,2,CABLE GESTION ECRAN LCD
CAB12451,2,CABLE GESTION ECRAN CRT PIA391
CAB12461,0,VIDEO AND LIGHTING CABLE
CAB12469,0,RALLONGE VIDEO MODULE ORION
CAB1261,0,MOTOR GRIP
CAB12613,0,SECURITY ENCODER
CAB12639,3,INTI SENSOR GRIP
CAB12641,3,EXTERNAL GRIP ENCODER
CAB12643,1,INIT SENSOR FLIP
CAB12644,3,EOT SENSOR FLIP
CAB12645,3,MAIN FLIP ENCODER
CAB12646,3,SECURITY FLIP ENCODER
CAB12649,2,EOT SENSOR GRIP
CAB12658,4,IR SENSOR EOT LEFT
CAB12718,0,DUAL DRIVE HEAD CABLE SET
CAB12735,0,FFU Adapter
CAB12743,0,SCREEN AND KEYBOARD EXTENSION
CAB12751,0,OCR CAMERA CABLE
CAB12760,0,CAB12760
CAB12800,1,DERIVATION VIDEO CABLE
CAB12811,0,PC104 I/O
CAB12843,1,"DRIVE, DUAL CABLE"
CAB12844,0,ETEL MOTOR EXTENSION CABLE
CAB12863,0,LIGHTING AND VIDEO CABLE
CAB12888,0,Z MOTHER BOARD SUPPLY
CAB12896,0,LED PRESENCE
CAB12897,0,PHOTO PRESENCE
CAB12900,3,LEFT/RIGHT SCANNING HEAD
CAB12901,0,FORWARD/BACKWARD SCANNING HEAD
CAB12967,3,ADAPTER CABLE FOR ZC0239 DUAL
CAB13008,0,CABLE POUR KIT PC ECU1040
CAB13010,0,CABLE POUR KIT PC ECU1040
CAB13011,0,CABLE POUR KIT PC ECU1040
CAB13026,5,CABLE
CAB13032,0,FO FIRMWARE DWNLOAD CABLE
CAB13044,0,ALIMENTATION CABLE
CAB13045,0,COMMAND CS221
CAB13049,0,INTAH0632 POWER CABLE
CAB13051,3,CABLE OUTPUT UPS
CAB13052,3,GENERIC CABLE
CAB13063,0,PC AND PRESSURE SENSOR 24V CAB
CAB13074,0,PS/2 CABLE
CAB13075,0,PS/2 CABLE
CAB13116,6,FLIPPER CABLE
CAB13142,0,BACK INTERFACE ADAPTOR CABLE
CAB13149,0,OCR ADAPTOR
CAB13315,0,VGA CS221 CABLE
CAB13316,23,KB/Mouse CABLE
CAB13317,0,SATA CABLE
CAB13318,0,SATA CABLE
CAB13319,0,LAN CABLE
CAB13320,0,USB CABLE
CAB13321,0,VOYANT FACE AVANT CABLE
CAB13322,0,AUDIO CABLE
CAB13323,1,COM 1-4 CABLE
CAB13324,23,LPT CABLE
CAB13326,0,USB FACE AVANT CABLE
CAB13327,0,BUTTON ON/OFF CABLE
CAB20150,0,"4LP Y  & X (TEB, MOTORS, SCANN"
CAB20151,1,XY Flat Cable System 2 (TEB &
CAB20202,0,INIT Sensor Cable
CAB20214,1,Horizontal Barrier LED Cable
CAB20215,1,Horizontal Barrier Photo Cable
CAB20217,1,Photo1 Dock Cable
CAB20218,1,Photo2 Dock Cable
CAB20219,1,LED1 Dock Cable
CAB20220,1,LED2 Dock Cable
CAB20300,1,Racket IO signal cable
CAB20309,1,Rotary sensor cable
CAB20314,1,Canopy IO cable
CAB20315,1,Rotary motor cable
CAB20316,1,Racket grounded link
CAB20317,1,Canopy grounded link
CAB20320,0,Y MOTOR EXTENSION CABLE
CAB20322,1,Racket motors cable
CAB20323,1,Canopy power cable
CAB20713,1,4LP Y  & X (USB & SIGNALS) FLA
CAB20715,1,XY Flat Cable System 3 (USB &
CAB21525,0,DOCK 1 DETECTION CABLE
CAB21526,0,DOCK 2 DETECTION CABLE
CAB21527,0,HORIZONTAL DETECTION CABLE
CAB21528,0,VERTICAL DETECTION CABLE
CABL00715,0,FIL SERIE UL AWG24 BLEU
CABL00717,0,FIL SERIE UL AWG24 JAUNE
CABL00721,0,FIL SERIE UL AWG24 VERT
CABL00746,0,NAPPE 6PT G28 GRIS
CABL00749,0,NAPPE 10PT G28 GRIS
CABL00757,0,NAPPE 16PT G28 GRIS
CABL00760,0,NAPPE 20PT G28 GRIS
CABL00764,0,NAPPE 40PT G28 GRIS PAS 1.27MM
CABL00765,0,NAPPE 40PT G28 GRIS PAS 1MM
CABL00781,0,"CABLE RD 16P 0,14MM2 COUL.UL/B"
CABL00784,0,CABLE RD 6PT UL AWG26 GRIS
CABL01776,0,NAPPE 20PT G28 MULTICOUL
CABL10814,0,SCAN HEAD CONNECTOR
CABL15202,0,FIL SERIE UL AWG22 VIOLET
CABL15203,0,FIL SERIE UL AWG22 JAUNE
CABL15214,0,WHITE CABLE
CABL15311,0,NAPPE 20PTS P:0.635 MONOBRIN
CABL15313,0,USB CABLES
CABL15326,0,NAPPE 2PT UL AWG24 MULTICOUL.
CABL15328,0,NAPPE 3PT UL AWG24 MULTICOL.
CAME11411,1,CAMERA FOCUS
CAME15066,0,CAMERA LENS
CAME15075,1,OCR DATA MATRIX CUSTOM
CAME15109,0,CAMERA OCR
CAN11084,0,Y AXIS RIBBON CABLE
CAPT14449,2,INFRA RED PAPER
CAPT15306,1,Pressure sensor
CAPT15308,1,Tachometer
CAR000009,0,MET2-MC+ MATROX METER2/MC
CAR000013,4,CAN COMMUNICATION BOARD
CAR000015,2,CARTE FILTRE VIDEO SORTIE DB
CEM014914,15,FERRITE BEAD
CHAR02275,0,BLM DOOR
CHCB00017,0,CABLE CHAIN EXTREMITY
CINT01038,0,Chip for INTAH0678
CINT01039,2,DALLAS 32-16
CINT01040,4,DALLAS 64-16
CINT10111,8,"AT89C2051 MICRO CTRL,  V1.20A"
CINT15224,0,EEPROM
CINT15224K35,0,"EEPROM #35, KIT OF 10"
CINT15353,0,EPROM 15 FOR LOAD PORT
CINT15356,20,EEPROM AT17LV512 10JU ROHS
CLAV00908,0,KEYBOARD
CLAV00910,0,SCRENN COVER/57 KEY SPP/BPP TA
CLAV01801,0,KEYBOARD FOR STARNI
CLAV07847,4,KEYBOARD MANAGEMENT BOARD
CLAV14407,1,Keyboard
CODE01048,2,EXTERNAL ENCODER
CODE13590,1,ENCODER
CODE13597,2,Y linear Scale
CODE15395,1,CODER (2 LP X RULER)
COLL01606,10,LOCTITE 495 GLUE 3G TUBE
COLL01611,3,TUBE GLUE
CONN00616,13,SUBD 9M S/FIL
CONN00835,120,CONN PAN 3F AUTODE G24
CONN00852,43,CONN PAN 3F G28 AUTODE
CONN00867,10,HE10 2X5F AUTODE NEZ
CONN00869,5,HE10 2X8F AUTODE NEZ
CONN00870,50,HE10 2X10F AUTODE NEZ
CONN00873,9,HE10 2X20F AUTODE NEZ
CONN00878,18,CONN CHASS. RCA FEM. DORE
CONN00881,16,SUBD 15F S/FIL
CONN00898,18,HE10 2X5M. AUTODE
CONN00900,147,FICHE 6M MINI-DIN
CONN01164,30,SUBD 9F S/FIL ETAME
CONN01202,22,CAPOT SD9 PLAST.METALISE SOURI
CONN01208,25,SUBD 15M S/FIL FCT-FCI
CONN06739,0,HE10 2X10F AUTODE NEZ
CONN08974,24,SUBD 15M HD S/FIL
CONN11575,0,CONNECTOR
CONN12279,7,CONN COAX SMB M DR/CI
CONN14359,10,FEMALE 3 PTS FRB CONNECTOR
CONN15406,22,"BORN.D.2F CD P:5,08 MSTB PHOE"
CONN15576,35,CONN.ELECTRO-VAN.3+T PG7 GRIS
CONN15585,0,SPACERS
CONN15612,75,MICROMATCH 2X9M AUTODENUDANT
CONN15681,10,"MOLEX BOIT.M 12F P:3,9 SER/CBL"
CONN15682,450,MOLEX CONTACT F A SERT. P:3.96
CONN15780,17,CONNECT 30F HD A SERTIR P0.635
CONN15782,40,HE10 20F HD A SERTIR P:0.635
CONN15787,26,"CONNECTEUR 6F P:3, 96 CORPS"
CONN15842,7,CAPOT SD9 DR METALL.+VIS VERR
CONN15844,30,CAPOT SD15 DR METALL.+VIS VERR
CONN15847,74,HE10 2X20 PAS:2mm + DETROMPEUR
CONN15848,0,HE10 2X5F P:2mm AUTO+DETROMP
CONN15849,37,HE10 2X8F P:2mm AUTO+DETROMP
CONN15851,0,FEMALE 3 PTS FRB CONNECTOR
CONN15852,56,HE10 2X7F P:2mm AUTO+DETROMP
CONN15853,80,HE10 2X17F P:2mm AUTO+DETROMP
CONN15862,0,EMBASE MALE USB TYPE A SOUDER
COUR14016,4,BELT TRW TRANSMISSION
COUR15442,0,NFO CANOPY ROTATION BELT
COUR15463,5,ALIGNER TRANSMISSION BELT
CPU-PENTUM-M,0,PENTIUM M 1.8G 400F
CPUAH0027,0,CPU BOARD
CPUAH0400,0,CPU BOARD
CPUAH0480,5,CPU BOARD
CPUAH1100,4,ELECTRONIC BOARD
CPUBH0400,0,CPU BOARD 16BITS EPROM
CPUCH0027,5,CPU BOARD SX 16 BITS
CPUCH1500,2,CPU BOARD
CR2025,0,LP;MONO/FFU 3V BATTERY
CTRA00060,0,PC Upgrade WIN2000
CTRA00061,0,PC Upgrade WINXP + SDD
CTRA00062,0,PC Rebuild WIN2000
CTRA00063,0,PC Rebuild WINXP + SDD
CTSSD & MQDC,78,COILED TUBE + MALE QUICK DSCNT
CTSSD & QDC,0,COILED TUBE + QUICK DSCNT
CTSSD14T,25,COILED TUBE ESD SAFE
CTSSD14TM,0,2M COILED VACUUM TUBE + QDC-M
CZ0239,0,READING HEAD TUNING TOOL TOOL
DIOD14933,0,FREE WHEEL DIOD
DISAH0105,1,PC SIGNAL DISTRIBUTION BOARD
DISAH0134,3,U/D TRANSFER DISTRIB. BOARD
DISAH0140,2,SIGNAL DISTRIBUTION BOARD
DISAH0316,3,DISTRIBUTION BOARD
DISAH0328,2,Z AXIS DISTRIBUTION BOARD
DISAH0472,0,SPP/SIS DISTRIBUTION BOARD
DISAH0482,0,MATROX PC DISTRIBUTION BOARD
DISAH0501,0,DISTRIBUTION BOARD
DISAH0571,0,SORTER DISTRIBUTION BOARD
DISBH0571,1,SORTER DISTRIBUTION BOARD
DISCH0214,6,FOUP OPENER DISTRIBUTION BOARD
DISCH0472,2,300MM ROBOT DISTRIBUTION BOARD
DISDH0132,7,Z AXIS DISTRIBUTION BOARD
DISEH0075,1,CARTE FOND PANIER PC INDUS
DISEH0214,9,DISTRIBUTION BOARD
DISJ14654,0,SECONDARY DISCONNECT DEVICE
DOU000045,50,FEMALE 3 PTS FRB CONNECTOR
DOU000046,0,LINEAR BEARING CLS D10 NO CLIP
DOU000047,0,LINEAR BEARING OPN D12 NO CLIP
DOU000048,16,LINEAR BEARING CLS D12 NO CLIP
DOU000050,0,LINEAR BEARING CLS D16 NO CLIP
DOU006849,0,LINEAR BEARING CLS D16 SMART
DOU015392,0,LINEAR BEARING OPN D16 KRYTOX
DOU015393,0,LINEAR BEARING OPN D20 KRYTOX
ECL013586,12,LAMPE 14V 80 MA 50000H
ECL013595,4,"BYGR"""""""" STATUS LIGHT"""""""""
ECL013597,0,STATUS LIGHT
ECR000053,0,NUT
ECR011416,20,ECROU M04 H INOX
ECR016187,0,M16 STEEL NUT
ECRO13690,0,ECROU M02 H INOX
ECUA00002,0,PC ASSEMBLY
ECUA00003,0,PC_SPP_ETHERNET
ECUA000035,0,AICSYS CONTROLLER
ECUA000036,0,AICSYS PC FOR 300MM SORTER
ECUA000037,0,PC
ECUA00007,0,PC ASSEMBLY
ECUA00010,0,PC MATROX
ECUA00028,0,PC
ECUA00033,3,PC ASSEMBLY
ECUA00035,0,PC ASSEMBLY
ECUA00036,0,PC ASSEMBLY
ECUA00037,0,PC MATROX FOR G3
ECUA00044,0,"PC ASSEMBLY, P4, ADVANTEC"
ECUA00051,0,PC MATROX FOR SPP200D
ECUA00052,2,"PC ASSEMBLY, P4, ADVANTEC"
ECUC00044,0,KIT CABLES PC-MATROX  FOR G3+
EI14EP0,0,TIPS FOR UP TO 5IN
EI14EP0SD,1,TIPS FOR UP TO 5IN ESD
EI14EP10,0,ANGLED EXTERNAL 10 DEGREE
EI14EP10SD,39,ANGLED EXT. 10 DEGREE ESD
EI14EP30,0,ANGLED EXTERNAL 30 DEGREE
EI14EP30SD,15,ANGLED EXT. 30 DEGREE ESD
EI14EP45SD,0,INJECTED PEEKTIP 45
EI14EPOBW,0,TIPS FOR UP TO 5IN BIG WINDOW
EI14IP10,0,ANGLED INTERNAL 10 DEGREE
EI14IP10BW,0,ANGLED INT.10 DEG. BIG WINDOW
EI14IP10SD,0,ANGLED INT. 10 DEGREE ESD
EI14IP30,0,ANGLED INTERNAL 30 DEGREE
EI14IP30BW,0,ANGLED INT. 30 DEG. BIG WINDOW
EI14IP30SD,1,ANGLED INT.30 DEGREE ESD
EI30EP0,5,INJECTED PEK TIPS FOR 6IN & 8I
EI30EP030,0,"Angled Injected Peek for 6&8"""""
EI30EP0SD,4,TIPS FOR 6IN & 8IN ESD
EI30EP10,10,ANGLED EXTERNAL 10 DEGREE
EI30EP10SD,0,ANGLED EXT. 10 DEGREE ESD
EI30EP30,17,ANGLED EXTERNAL 30 DEGREE
EI30EP30SD,1,ANGLED EXT. 30 DEGREE ESD
EI30IP10,0,ANGLED INTERNAL 10 DEGREE
EI30IP10SD,0,ANGLED INT. 10 DEGREE ESD
EI30IP30,0,ANGLED INTERNAL 30 DEGREE
EI30IP30SD,18,ANGLED INT. 30 DEGREE ESD
EI33EP0SD,0,"TIPS FOR 6 &8"""" ESD"""" -"
EI33EP30SD,0,WAND ESD
EI50EP0,0,300MM TIP
EI50EP0SD,0,INJECTED PEEK TIP FOR 8-12
EI50EPO,0,300MM TIP
ELA009727,0,ELECTRO MAGNETIC BRAKE
EMB015325,1,PLEXIGLASS BOX
EMB015423,0,End Effector Case
EMB015442,0,G1-G3 EE SHIPPING CRATE
EMBA50260,0,WOODEN CRATE
EMBA50490,0,"FLIP CRATE, WOODEN"
EMO-5025,0,WOODEN CRATE
EMUA00001,0,FRONT SIDE SCREEN TOUCHSCREEN
ESR300-2,0,STOCKER INTEGRATED SORTER 2 LP
ESR300-4,0,STOCKER INTEGRATED SORTER 4 LP
ESR300F50,0,ESR300-4 LP INTEGRATED SORTER
ESR300F59,0,SIS 4 NFO G3+
ESR300T50,0,ESR300-4 LP INTEGRATED SORTER
ESR300T53,0,ESR300-2 LP INTEGRATED SORTER
ESRT01A10519,5,KEYBOARD
EXT140,0,EXTENSION TUBE
F012A02_A2400,0,"F.O.RACKET,FWD/BKWD,MOTOR"
F012A02_A4700,0,"EMO,ASSESMBLY,STD,LOAD,PORT"
F012A02_A6325,0,ROTATION KEY MOTOR
F012A10A47000,0,"EMO,ASSESMBLY,FOHA,LOAD,PORT"
F012B03K03,0,"KIT,FOUP-OPENER FUSES"
F0300UK11,0,"RFID,TIRIS,LP1"
F0300UK12,0,"RFID,TIRIS,LP2"
F0300UK13,0,"RFID,TIRIS,LP3"
F0300UK14,0,"RFID,TIRIS,LP4"
F03AC2001,0,"CABLE,ROLLEY,F04"
F03AC2103,0,"ROTAT,CPY,PAD,RBN,CBLE,GRN"
F03CC2042,0,"FOHA/STD,CPY,PAD,BWD/FWD,YEL"
FCSA05A51156,1,EDGE CONTACT ALIGNER STAR
FCSA06A60100,0,SEARCH SENSORS
FCSA06A60200,0,SLIDE SENSORS
FCST00A50100,0,ALIGNER STAR
FFE_A0223,0,ALIGNER ROTATION MOTOR
FFFU300A01_M2105,2,TIGES
FFU300A01_A2200,5,FILTER FAN UNIT MOTOR
FFU300A01_M2105,2,AXE
FFU300A02_M0002,0,ABSOLUTE FILTER JOINT
FFUA04A40005,0,FILTRE JOINT PORON
FFUA05A50208,2,ABSOLUTE FILTER & SEAL
FFUAC1010,0,FFU CABLES
FILT12472,0,PRE-FILTER
FILT12475,0,ABSOLUTE FILTER
FILT12486,2,PRE-FILTER
FILT12489,0,ABSOLUTE FILTER
FILT12492,0,E-PTFE FILTER
FILT12494,0,PRE-FILTER
FILT12502,1,Pre-Filter
FO12_A6100,0,VACUUM SUCTION CUP
FO12_A6406,0,AXE VIS
FO12_A6560,38,FIMS DOOR PIN UPGRADE
FO12_A6940,2,ANTENNA ARM
FO12_A7200,0,CARRIER LOCKING DEVICE ASSY
FO12_M2404,0,GEAR WHEEL
FO12_M6101,0,PIN SUCTION CUP
FO12_M6716,10,ENTRETOISE
FO12_M7013,10,SENSOR AXIS WASHER
FO12_M7014,10,SENSOR PUSHING AXIS
FO12_M7016,10,SENSOR AXIS
FO12_M7031,10,PIN
FO12A02_A1220,6,VACCUUM PUMP
FO12A02_A2400,2,FOUP OPENER RACKET FWD/BWD MOT
FO12A02_A3285,9,CARRIER R/PLANE FWD/BWD MOTOR
FO12A02_A4200,1,CARRIER LATCH ASSEMBLY
FO12A02_A4700,2,EMO ASSEMBLY (STD)
FO12A02_A5100,1,FOUP OPENER RACKET UP/DOWN TRA
FO12A02_A5200,0,FO RACKET UP/DOWN TRANS+ BRAK
FO12A02_A6150,0,CORPS POULIE
FO12A02_A6325,0,ROTATION KEY  MOTOR
FO12A02_A7000,2,LOADING STAGE V2
FO12A02_M2610,0,RACK
FO12A02_M3411,0,APPUI GAUCHE
FO12A02_M3415,4,BELT
FO12A02_M3457,0,FO12A02_M3457
FO12A02_M4101,3,BELT
FO12A02_M6960,0,MAPPING LASER
FO12A02_M8564,3,FOUP OPENER FRAME BEAM
FO12A02_M8602,6,SCREWS (M08X30)
FO12A03L10000,2,FO ADJUSTMENT JIG
FO12A03L10008,0,VACMM SCTION CUP ADJSMENT JIG
FO12A10A47000,1,EMO FOR FOHA
FO12A10M31019,2,FLAG
FO12A19M00051,1,PLAQUE
FO12A19M000518,0,LOAD PORT CONNECTION PLATE
FO12A19M81001,0,SUPPORT ELEC
FO12A1OA47000,0,EMO FOR FOHA
FO12B03K01,3,KIT OF MOTION&SAFETY ENCODERS
FO12B03K02,0,FOUP OPENER TOOTHED BELT KIT
FO12B03K03,1,KIT OF FUSES
FO12B03O6100,2,VACUUM PRESSURE GAUGE
FO12C03A67500,6,MAPPING ANTENNA (FOHA)
FO12C03A67600,2,ANTENNA MOTOR
FO12C03M60002,0,LSF07C; RACKET COVER
FO12C03M67501,1,BODY
FO12C03M67502,6,PINION
FO12C03M67503,3,PINION
FO12C03M67504,6,PULLEY
FO12C03M67505,20,RONDELLE
FO12C03M67506,3,AXE LAVIER
FO12C03M67507,3,JOINT AXE PIGNON
FO12C03M67508,0,VIS
FO12C03M67509,3,ENCODER AXIS
FO12C03M67515,6,CLAMP
FO12C03M67516,6,BELT SUPPORT
FO12C03M67517,3,GUIDING PART
FO12C03M67518,3,SENSOR INTERUPT PART
FO12C03M67519,3,FIXING PART
FO12C03M67520,3,CABLE CLAMP
FO12C03M67522,3,GUIDING CABLE
FO12C03M67523,3,"COVER, ANTENNA, FOHA"
FO12C03M67524,3,COVER
FO12C03M67525,3,COVER
FO12C03M67526,3,LEVER
FO12C03M67527,3,LEVIER
FO12C03M67528,3,AXIS
FO12C03M67529,3,SETTING NUT
FO12C03M6753,0,GUIDE COURROIE
FO12C03M67530,3,BELT AXIS
FO12C03M67531,3,BLET CLAMP
FO12C03M67532,3,BELT GUIDING PART
FO12C03M67533,3,STOP PART
FO12C03M67534,9,"BELT, MAPPING ANTENNA"
FO12C10A74010,2,MOTOR CLAMP
FO12C10A74020,3,CARRIER CLAMP MECHANISM
FO12C10M74025,15,FOHA CLAMP SPRING
FO12D07M31012,19,PINION
FO12D07M31041,0,Hard stop pins
FO12E03A24000,1,FOUP OPENER RACKET F/B MOTOR
FO12E03A27000,0,RACKET CABLE GUIDING CHAIN
FO12E03A32085,2,"CARRIER RESTING PLANE, MOTOR"
FO12E03A64000,2,FOUP DOOR LOCK KEY
FO12E03A67500,1,"MAPPING ANTENNA, STANDARD"
FO12E03A69200,6,MAPPING ANTENNA MOTOR
FO12E03A70000,2,CARRIER RESTING PLN FOR STD LP
FO12E03M66007,0,ANTENNA MAPPING BELT (300E03)
FO12E03M85063,0,FRONT BEAM
FO12E03M85064,1,BACK BEAM
FO12OUT_M0003,0,LOAD PORT KEYS ALIGNMENT
FO300K100,3,STD FO MAP. ANT. INT SENS.KIT
FO300K101,3,STD FO LAS.MAP+RO INT SENS.KIT
FO300K102,2,STD FO MAP+RACK INT SENS.KIT
FO300K103,3,FO DOOR KEY INT. SENSOR KIT
FO300K104,5,RIGHT FO DOOR DETCT SENSOR KIT
FO300K105,6,LEFT FO DOOR DETCT SENSOR KIT
FO300K106,3,FO RACKET U/D INT SENSOR KIT
FO300K107,3,CARR.RST.PLN. F/B INT SNS.KIT
FO300K108,18,STANDARD FO CARRIER DETECTION
FO300K110,0,CONVERSION KIT TO UPGRADE
FO300K111,3,RACKET BCK/FWD SENSOR KIT
FO300UK09,0,FO4 KINEMATIC UPGRADE KIT
FO300UK10,0,FO5 KINEMATIC UPGRADE
FO300UK11,0,TIRIS MODULE CONFIGURE LP#1
FO300UK110,2,CONVERSION KIT TO UPGRADE FO1
FO300UK111,0,RACKET BCK/FWD SENSOR KIT
FO300UK12,0,TIRIS MODULE CONFIGURE LP#2
FO300UK13,2,TIRIS MODULE CONFIGURED LP3
FO300UK14,0,TIRIS MODULE CONFIGURED LP4
FO300UK15,0,COMM KIT BETWEEN SORTER ANS LP
FO300UK16,1,TIRIS TAG READER FIXATION KIT
FO300UK18,0,FOR LP FOR300E
FO300UK19,0,FOHA SERVICE DOORLOCKINGPINKIT
FO300UK20,0,INFO PAD PIN KIT
FO300UK26,0,CARRIER RESTING PLANE KIT
FO300UK27,0,LOADPORT CONNEXION KIT
FO300UK28,0,LOADPORT CONNEXION KIT
FO3AC2000,2,PINK/WHITE CABLE
FO3AC2001,14,FLEXPAK U/D RACKET CABLE
FO3AC2003,0,FO FLEX PACK
FO3AC2004,0,Forward/Backward Racket Motor
FO3AC2005,0,STEP POINT SENSOR
FO3AC2011,3,VACUUM SHUT OFF VALVE
FO3AC2013,6,SENSOR LP KEY SHORT WIRE
FO3AC2015,2,SENSOR LP KEY LONG WIRE
FO3AC2016,0,CARRIER PRESENCE SWITCH CABLE
FO3AC2017,0,CARRIER PRESENCE SWITCH CABLE
FO3AC2024,2,"ENCODER, UP/DOWN"
FO3AC2026,6,ENCODER
FO3AC2028,5,ENCODER
FO3AC2033,0,CARRIER R/PLANE F/BWD MOTION B
FO3AC2035,2,CANOPY SECURITY ENCODER CABLE
FO3AC2037,4,ENCODER
FO3AC2040,5,RESTING PLANE EXTENSION CABLE
FO3AC2042,4,EXTENSION CABLE
FO3AC2043,7,EXTENSION CABLE
FO3AC2044,4,CABLE AND SENSOR FOR CANOPY
FO3AC2045,6,SENSOR CANOPY POSITION
FO3AC2046,3,CABLE AND SENSOR FOR CANOPY
FO3AC2047,4,CABLE AND SENSOR FOR CANOPY
FO3AC2048,3,CABLE AND SENSOR FOR CANOPY
FO3AC2049,1,CABLE AND SENSOR FOR CANOPY
FO3AC2050,0,CABLE AND SENSOR FOR CANOPY
FO3AC2057,1,EXTENSION CABLE
FO3AC2058,1,CPU1
FO3AC2078,0,DOWNLOADING CABLE SUB-D9/PAND
FO3AC2097,2,FOHA ROTATION CABLE
FO3AC2098,6,FOHA ROTATION CABLE
FO3AC2101,1,Load Port 180 Sensor
FO3AC2102,13,FOHA INFO PAD ROTAT RBN YEL
FO3AC2103,2,FOHA CANOPY PAD RBN CBL GRN
FO3AC2104,0,TAG READ COMMUNICATION SIGNA
FO3AC2119,7,"ANTENNA ENCODER, MAIN"
FO3AC2120,0,MAPPING ANTENNA MAIN ECODER
FO3AC2129,4,"DOOR MOTOR CABLE, FW/BK"
FO3AC2131,0,BRUCHLESS VACCUM PUMP EXTENSIO
FO3CC2039,10,FOHA/STD PAD BCK/FWD RBN GRN
FO3CC2042,4,FOHA/STD CPY PAD BWD/FWD YEL
FO3DC2043,0,Resting plane extension cable
FOA02A85555,0,SUPPORT
FOA02A85835,0,SUPPORT
FOA02M85556,0,PLASTIC SUPPORT
FOA02M89055,0,METALLIC SUPPORT
FOC10A31010,3,CANOPY ROTATION MOTOR
FOC10A740007,0,CLAMP MOTOR
FOC10A74007,3,CLAMP MOTOR
FOC10M31001,20,BODY
FOC10M74031,52,ROTATIVE FO CLAMP BELT
FOE03A60325,2,ROATTION KEY MOTOR
FOE03M64008,3,FO KEY ASSEMBLY
FOI2A02_M3460,0,FOI2A02_M3460
FOM01A80010,0,TIRIS BOARD
FOM01A80017,3,FO STATUS LIGHT
FON01A00003,9,FOUP FRAME SECURITY STD
FON01A00006,6,FOUP FRAME (ROT)
FON01A61000,94,FIMS DOOR PIN UPGRADE
FON01A85560,2,SERVICE DOOR LOCKING PIN KIT
FON01M100005,2,CAPOT
FONO1A61000,0,"FO5 DOOR SENSOR PIN,LONG"
FOR300E012,0,300MM FOR FOSB HANDLING + RFID
FOR300E08,0,300MM FOR FOSB HANDLING
FOR300K100,18,ROTARY FO CLAMP INT.SENS.KIT
FOR300K101,0,ROTARY FO CLAMP DEST.SENS. KIT
FOR300K102,3,CARR.REST.ROT.INT SENS.KIT
FOR300K103,2,CARR.REST.ROT.DEST.SENS.KIT
FOR300K104,2,ROT FO MAP.ANT.INT SENS.KIT
FOR300K105,0,ROTARY FO CARR DET CELL KIT
FORE06A70000,0,New FOHA CANOPY
FORE06A70200,0,CLAMP FO ADFOSB UPGRADE
FORE08A70000,3,CARRIER RESTING PLN FOR ROT LP
FORE08K04,7,FOHA SENSOR KIT
FQDC,4,QUICK DISCONNECT-FEMALE
FRE010841,4,ELEVATOR BATCH BRAKE MOTOR
FREIGHT,1,TRANSPORTATION
FUSE15117,35,FUSE 5A
FUSE15127,0,0.5 AMP PICO FUSE FOR ETEL DRV
FUSE15140,5,FUSE 1A
GOU002330,0,02 X 10 PIN
GOU015201,0,GOUP 04X24CYL DR 304
GOUAF02A08,0,GOUPE 2X8 ELAST INOX
GOUAW02B06,0,G 2X6 CYL DR PEIFC
GOUAW02B08,0,G 3X8 CYL DR PEIFC
GOUAW03B08,0,G 3X8 CYL DR PEIFC
GRAIS0012,0,GREASE GUN UNIT MG70
IC-7905T,20,REGULATOR FOR POWER SUPPLY
IDLAC001,2,ROTATION MOTOR CABLE
IDLAC002,0,U/D MOTOR CABLE
IDLAC010,62,"CABLE, PC POWER SUPPLY"
IDLAC012,4,IDLW KEYBOARD TO PC CABLE
IDLAC016,0,CAMERA RIBBON CABLE
IDLAC017,16,LIGHTING RIBBON CABLE
IDLAC018,0,RIBBON CABLE
IDLAC020,3,CABLE SIGNAL VIDEO
IDLAC025,2,CAMERA CABLE EXTENSION JUMPER
IDLAC027,1,RIBBON CABLE
IDLAC030,1,LIGHTING DRIVER CABLE
IDLAC032,3,CAMERA CABLE
IDLAC033,6,CAMERA INT CABLE
IDLAC037,5,ON/OFF SWITCH
IDLAC044,0,CABLE MOTHER BOARD POWER
IDLAC045,0,SCREEN CABLE
IDLAC051,0,MIRROR INITIALIZATION SENSOR
IDLAC070,17,VIDEO CABLE TO BE USED WITH ID
IDLAC101,0,FLOPPY CABLE
IDLAC102,0,HD CABLE
IDLAC105,2,GENERIC CABLE
IDLAC109,0,BAR CODE GUN BAORD (HE16) LB3
IDLAC110,2,GENERIC CABLE
IDLAC111,2,CABLE ALIM ECRAN
IDLAC113,2,CABLE CONRASTE ECRAN
IDLAC114,2,CABLE ALIM DISTRIBUTION
IDLAC117,3,CABLE MINI DIN (BCG JUMPER
IDLAC120,2,CABLE DISQUE DUR
IDLAC122,0,MOUSE INTERFACE CABLE
IDLAC2001,7,VIDEO CABLE
IDLAC2002,2,BAR CODE GUN BOARD CE
IDLAC2006,2,CX104 VIDEO CABLE
IDLAC2015,2,GENERIC CABLE
IDLAH0011,15,LIGHTING BOARD FOR CE
IDLAH0024,0,TROLLEY CAMERA INTERFACE BOARD
IDLAH0025,0,LIGHTING BOARD (ALTERNATE)
IDLAH0027,1,LIGHTING ADAPTOR BOARD
IDLAH0079,9,ALIGNER INTERFACE BOARD
IDLAH0112,13,BUFFER LIGHTING BOARD BOOSTED
IDLAH1100,22,MOTOR CONTROL BOARD
IDLAH1800,1,MOTHER BOARD
IDLAH1900,21,CAMERA INTERFACE BOARD
IDLAH9418,5,POWER SUPPLY BOARD
IDLBC016,1,RIBBON CABLE
IDLBC017,1,RIBBON CABLE
IDLBC109,0,BAR CODE GUN BOARD NON CE-LB2
IDLBH0011,5,LIGHTING BOARD NON CE
IDLW200M07,0,"8 DUAL CAMERA OCR NOTCH"""""
IDLW200M11,0,"8 DUAL CAMERA OCR FLATTED"""""
IDLW200S11,0,IDLW8 MUILTISCRIBE NOTCH
IDLW6_A9002,0,ALIGNER ASSEMBLY
IDLW6_A9011,0,CAMERA MODULE
IDLW6_A9012,0,LIGHTING UNIT
IDLW6_M0009,0,COLONETTE TOURNANTE
IDLW6_M0010,0,COLONETTE H BARRE
IDLW6ME_M0011,0,COLONETTE BUTEE AV
IDLW8_A0139,6,LCD SCREEN
IDLW8_A9002,38,ALIGNER ASSEMBLY
IDLW8_A9003,8,UP/DOWN MOTOR ASSEMBLY
IDLW8_A9005,4,CAMERA TRANSMISSION
IDLW8_A9009,1,KEYBOARD
IDLW8_A9010_04,2,UPPER REAR CROSS PIECE
IDLW8_A9011,6,CAMERA MODULE
IDLW8_A9012,19,LIGHTING UNIT
IDLW8_A9013,9,MAPPING UNIT
IDLW8_A9014,21,ROTATION MOTOR (MONOBLOC ASSY)
IDLW8_A9020,16,LOWER ROLLER
IDLW8_A9021,7,UPPER ROLLER
IDLW8_A9087,19,REAR SIDE CASS.DETECT.SENSOR
IDLW8_A9088,10,FRONT SID.CASS.DETEC.SENSOR
IDLW8_A9103,2,ALIGNER U/D MOTOR (OLD)
IDLW8_A9105,1,X AXIS CAMERA ASSEMBLY MOTOR
IDLW8_A9106,0,MICRO CAMERA
IDLW8_A9109,3,EMO
IDLW8_A9114,9,MAPPING UNIT (NON CE)
IDLW8_A9118,206,MOUNTED O-RING
IDLW8_A9180,1,ALIGNER U/D MOTORIZATION (NEW)
IDLW8_A9214,7,ROTATION MOTOR (MONOBLOC)
IDLW8_A9543,9,REAR CASSETTE GUIDING ROD
IDLW8_A9563,1,UP/DOWN SWITCH (OLD)
IDLW8_A9564,2,UP/DOWN SWITCH (NEW)
IDLW8_A9607,0,"PC, INDUST, BLACK, COVER"
IDLW8_M0014,4,TOOTHED ROD SUPPORT (FLAT)
IDLW8_M0022,4,3MM ROD
IDLW8_M0045,10,BELT
IDLW8_M0064,1,ROTATING (10MM) ROD
IDLW8_M0065,0,CAMERA TROOLEY RAIL SUPPORT
IDLW8_M0068,0,LOWER CAMERA TROLLEY RAIL
IDLW8_M0069,17,CAMERA SUPPORT RAIL
IDLW8_M0075,0,SILICONE ROLLER GEAR WHEEL
IDLW8_M0077,5,MAD GEAR
IDLW8_M0098,0,TOOTHED ROD SUPPORT CE
IDLW8_M0099,25,TOOTHED ROD (FIXED COMB)
IDLW8_M0117,0,CAMERA AXIS SUPPORT
IDLW8_M0144,0,LCD SCREEN COVER
IDLW8_M0183,0,WORM GEAR (OLD TYPE)
IDLW8_M0202,0,LCD CLEAR COVER
IDLW8_M0305,2,GEAR SECTOR FOR ALIGNER
IDLW8_M0513,0,LEFT COVER HINGE
IDLW8_M0538,0,MOTHERBOARD RIGHT HINGE
IDLW8_M0539,0,HINGE SUPPORT ON THE LEFT
IDLW8_M0540,0,KEYBOARD RAL SUPPORT
IDLW8_M0542,0,FRONT CASSETTE GUIDING ROD
IDLW8_M0545,0,KEYBOARD SUPPORT
IDLW8_M0553,0,MOTHERBOARD LEFT HINGE
IDLW8_M0555,0,HINGE SUPPORT ON THE RIGHT
IDLW8_M0559,1,HINGE FIXING PIECE
IDLW8_M0581,0,POWER SUPPLY TERMINAL COVER
IDLW8_M1098,0,TOOTHED ROD SUPPORT NON CE
IDLW8_M1106,2,RIGHT PC COVER HINGE
IDLW8_M1107,2,LEFT PC COVER HINGE
IDLW8_M1109,0,MOUNTING BRACKET
IDLW8_M1110,0,MOUNTING BRACKET
IDLW8_M1119,0,BOLT
IDLW8_M1120,0,BOLT AXIS
IDLW8_M1125,0,PC SUPPORT PIECE
IDLW8_M1126,0,PC SUPPORT PIECE
IDlw8a9543,0,SUPPORT FOR ROLLER
IDLW8AD1A09000,2,ADAPTER NON CE PWR SPLY TO CE
IDLW8AD2A09000,33,ADAPTER CE PWR SUPPLY
IDLW8H9010,10,CAMERA POWER SUPPLY BOARD
IDLW8K01,4,KIT OF LINEAR BALL BEARING
IDLW8K02,15,KIT OF BALL BEARINGS
IDLW8K03,2,KIT OF SCREWS
IDLW8K05,2,MIRRO UPGRADE KIT
IDLW8K07,2,ALIGNER GEAR WHEEL KIT
IDLW8K08,0,OLD U/D TRANSMISSION AXIS
IDLW8K102,2,BSS KIT FOR CE IDLW>SER#44
IDLW8K103,0,BSS KIT FOR NON CE IDLW8
IDLW8K104,0,BSS KIT CE IDLW8>544 NO BOOST
IDLW8K105,0,BSS KIT NON CE IDLW8 BOOSTED
IDLW8K106,0,BSS KIT FOR NON-CE TOOLS
IDLW8K12,3,MIRROR CAMERA TRANS FLAT CABLE
IDLW8K13,0,AMPRO MTHRBRD + WIN 3.1 HD
IDLW8K16,0,ADVANTEC MB AND 3.1 HD
IDLW8K17,3,ROTATION CABLE
IDLW8K19,0,PC POWER SUPPLY ADAPTOR
IDLW8K19-A,0,PC POWER SUPPLY ADAPTOR
IDLW8M,0,INDENTIFICATION LOT WAFER 8
IDLW8M_M0607,0,IDLW8M MIRROR SUPPORT
IDLW8M_M0608,5,MIRROR
IDLW8MR_A9005,2,TRANSMISSION ASSY MIRROR IDLW
IDLW8MS1_A9015,2,LIGHTING UNIT FOR MIRROR IDLW
IDLW8MS1_A9507,0,INDUSTRIAL PC
IDLW8MS1_M0008,0,CRYSTALPACK UPGRADE KIT
IDLW8MS1_M0092,0,Status light support
IDLW8MS4_A9019,0,MIRROR ASSY
IDLW8PCK01,0,AMPRO CABLE KIT
IDLW8PCK02,0,ADVANTECH W/VISION CBL KIT
IDLW8PCK03,0,ADVANTECH FRAMELOCKER CBL KIT
IDLW8S1_A9019,1,MIRROR ASSY
IDLW8SI_A9019,0,MIRROR ASSY
IDLW8SI_M0109,0,MIRROR STRAP
IDLW8SU_M0064,0,ROTATING ROD
IDLW8TW_A9013,0,MAPPING UNIT FOR MIRROR TOOL
IDLW8TW_A9015,0,MIRROR U/D MOTOR+LIGHTING UNIT
IDLW8TW_M0109,0,MIRROR
IDLW8TW_M0110,0,MIRROR
IDLW8TW_M0610,0,LED COVER
IDLW8TW_M0612,0,LED COVER
IDLW8TW_M0614,0,LED COVER
IDLWA05A09013,0,BSS MAPPING MODULE
IDLWA06A09106,0,BSS CAMERA MODULE
IDLWM08M00098,0,SUPPORT FOR FIXED COMB
IDLWMS1_A9507,0,INDUSTRIAL PC
IDW8MR_A9005,0,IDW8MR_A9005
IDW8MS1_A9011,0,CAMERA UNIT
IDW8MS1_M0092,0,CAMERA WINDOW
IDWA05A09013,8,BSS MAPPING MODULE
IDWA06A00209,8,IR CAMERA FILTER/COVER
IDWA06A09012,4,IR LIGHTING UNIT
IDWA06A09106,0,BSS CAMERA MODULE
IDWA17A09007,2,PC IDLW DUAL CAMERA (SEH)
IDWA17A09008,0,PC IDLW DUAL CAMERA (SEH)
IDWA18A09007,10,"PC"""""""""""""""""""""
IDWM08M00014,0,SUPPORT FOR ROLLER
IDWM8M00014,0,SUPPORT FOR ROLLER
IDWM8M0098,3,OCR 26 WAFERUPGRADE
IDWS07M00108,0,CHARIOT MIROIR
IDWS11A09019,0,MIRROR
INTAH00235,2,CPU Jumper Board
INTAH0086,4,SAFETY OPTICAL BARRIER BOARD
INTAH0097,10,CARTE GEST 2 SIG NAUX
INTAH0135,0,ALIGNER MANAGEMENT BOARD
INTAH0137,0,FO RACKET CAN INT BOARD
INTAH0138,0,FO RACKET INT BOARD
INTAH0139,2,FO RACKET F/B BOARD
INTAH0148,0,FFU DISTRIB BOARD
INTAH0149,0,FFU SIGNAL DISTRIB BOARD
INTAH0183,0,RESTING PLANE INTERFACE SENSOR
INTAH0222,1,INTERFACE BOARD
INTAH0225,3,CARTE INTERFACE AXE Z
INTAH0235,2,TWO MOTHER BOARD LINK BOARD
INTAH0251,2,STATUS LIGHT TOWER INT. BOARD
INTAH0266,16,INPUT/OUTPUT INT. BOARD
INTAH0294,0,MAPPING INTERFACE BOARD
INTAH0315,1,ALIGNER MANAGEMENT BOARD
INTAH0336,1,SENSOR ENCODER INT BOARD
INTAH0366,2,BUFFER BOARD
INTAH0381,11,MAPPING INTERFACE BOARD
INTAH0419,0,Wafer Mapping Interface Board
INTAH0426,0,ROTATION INTERFACE BOARD
INTAH0489,1,CARTE INTERFACE Y/Z
INTAH0490,1,CARTE INTERFACE AXE
INTAH0494,0,POWER SUPLLY TAG READER BOARD
INTAH0510,1,MONO ARM CLAMP INTERFACE BOARD
INTAH0511,1,UPS ADAPTOR BOARD
INTAH0530,1,INTERFACE BOARD
INTAH0540,11,FOHA SECURITY BEAM INT. BOARD
INTAH0545,0,INTERFACE SENSOR BOARD
INTAH0562,2,Y/Z AXE'S INTERFACE BOARD
INTAH0563,1,Y AXE'S INTERFACE BOARD
INTAH0564,0,Z AXE'S INTERFACE BOARD
INTAH0565,1,LIGHTING MANAGEMENT BOARD
INTAH0578,0,USB ADAPTOR
INTAH0599,0,Carrier Load Table Interface B
INTAH0619,0,CONVERTER 12V/24V BOARD
INTAH0626,0,ALIGNER MANAGEMENT BOARD
INTAH0631,2,MAPPING INTERFACE BOARD
INTAH0632,1,INTERFACE BOARD PC G3+
INTAH0673,2,Hermes board
INTAH0675,0,Multi I/O USB board
INTAH0678,0,ECUA0044/45 PC INTERFACE BOARD
INTAH0679,1,LPS Interface Board
INTAH0680,1,Robot I/O board
INTAH0685,1,DSPAC2-Recif Board
INTAH0686,1,Canopy Interface board
INTAH0688,2,USB HUB
INTAH078,0,CARTE INTERFACE CONNECTIQUE
INTAH9090,4,BAR CODE GUN/SHUNT BOARD
INTAHO510,0,CLAMP INTERFACE BOARD
INTBH0210,0,I/O DERIVATION BOARD
INTBH0460,0,OPTICAL BARRIER/SENSOR INT.BRD
INTBH0662,1,Racket Interface board
INTBH0682,0,End effector board
INTBH0698,0,CANOPY INTERFACE BOARD
INTBH0699,0,DOOR INTERFACE BOARD
INTCH0189,10,CARTE BUFFER SIGNAUX PHOTO
INTCH0447,2,TRANSFER MOTION BRD
INTR01069,0,ROS SWITCH LOCKING TAB BUTTON
INTR12096,0,CONNECTOR BLOCK
INTR12097,0,PUSH BUTTON
INTR14382,11,FOHA ROTATION BUTTON
INTR14876,0,TOGGLE SWITCH
INTR14894,0,BLOC DE CONTACT 1N/O E10 K-M
INTR14899,0,INTR.RQM16 JAUN.18X18 Q18D-GE
INTR14966,0,LAMP LED BA95
INTR14977,1,Door interlock sensor
INTR15005,0,YELLOW LIGHTING UNIT
JOIN15270,1,JOIN 12X01 NITRIL TORIQUE
JOIN15316,16,Z axis Join for brake cover
KIN_2200AP,0,POWER SUPPLY
LPSA00A21100,0,Clamp module
LPSA00A21110,1,Clamp motor
LPSA00A21600,1,Foup Presence sensor
LPSA00A22100,0,BUTEE
LPSA00A33100,1,RACKET Z TRANSMISSION
LPSA00A33120,1,Motor Nema 23 + gearwheel (Z R
LPSA00A33190,1,Electromagnetic brake
LPSA00A33230,1,wirred 1024pts encoder
LPSA00A34150,1,Motor Nema 23 + pulley (Canopy
LPSA00A40300,1,Suction Cups
LPSA00A60000,1,Mapping Antenna
LPSA00M33002,0,Z axis transmission belt
LPSA00M34002,1,Y axis transmission belt
LPSA00M40212,4,RACKET KEY
LPSR00M23008,1,Rotary axis transmission belt
MC12,0,METAL CASSETTE 12
MC6HT,0,6 Metal carrier (up to 400_c)
MOBAH0191,0,FILTER FAN UNIT MOTHER BOARD
MOBAH0417,0,MOTHERBOARD
MOBAH0427,0,MOTHER BOARD
MOBBH0131,0,FOUP OPENER FRAME MOTHER BOARD
MOBBH0158,1,KEYBOARD MOTHERBOARD
MOBBH0191,4,FILTER FAN UNIT MOTHER BOARD
MOBBH0527,1,LOADPORT MOTHER BOARD
MOBCH0131,2,FOUP OPENER RACKET MOTHERBOARD
MOBCH0417,0,MOTHERBOARD SPP200D02
MOBDH0158,1,KEY MOTHERBOPARD
MOBDH0417,0,ROBOT MOTHER BOARD
MOBDH0427,7,MOTHER BOARD
MOBEH0131,0,TRANSFER ASSEMBLY MOTHERBOARD
MOBEH0427,0,MOTHER BOARD
MOBHH0131,0,TRANSFER ASSEMBLY MOTHERBOARD
MOBJH0131,0,FOUP OPENER RACKET MOTHERBOARD
MOBMH0131,0,FO FRAME MOTHER BOARD
MOBNH0131,3,TRANSFER MOTHER BOARD
MOBPH0131,2,MOTHER BOARD
MOLEX-804068,0,AT TYPE PWR SPLY HSG KEY POLY
MOT010935,0,ANMF ROTATION MOTOR
MOT015188,0,Motor LM
MOT015195,4,LINEAR MOTOR DRIVER ELCTRONIC
MOT015196,4,X-AXIS LINEAR TRACK MAGNETS
MOT015197,0,X-AXIS LINEAR TRACK MAGNETS
MOT015238,1,PROTECTION INOX
MOT015240,1,X-AXIS LINEAR TRACK MAGNETS CO
MOT015264,0,LINEAR MOTOR DUAL DRIVER
MOT015286,1,DSCDM333-111B
MOT015298,1,DSCDM344 - Z & Aligner driver
MOT015299,1,DSCDP324
MOT015301,1,Motor Nema 17 (Antenna & Keys)
MOT05220,0,Z MOTOR W/O ASSY PARTS
MOT15264,0,LINEAR MOTOR DUAL DRIVER
MP12_A6006,15,LOWER ROLLER
MPP12_A11001,0,FRONT SIDE STATUS LIGHT
MPP12_A11015,0,SPEAKER ASSEMBLY
MPP12_A6005,0,GALET LIBRE 4.6MM A5.2MM
MPP12_A6010,5,CAMERA LIGHTING UNIT
MPP12_A6020,5,ALIGNER MOTOR
MPP12_A6025,0,ALIGNER MOTOR
MPP12_A6040,0,Mirror
MPP12_A6060,5,OCR/DATA MATRIX CAMERAS
MPP12_A6090,0,A&B SENSOR
MPP12_M1671,0,KEYBOARD SUPPORT PAD
MPP12_M6006,0,GALET INFERIEUR
MPP12_M6011,3,CACHE MOTEUR
MPP12_M6019,2,SUPPORT CAMERA DROIT
MPP12_M6020,2,COVERCLE CAMERA
MPP12_M6022,2,COVERCLE CAMERA
MPP12_M6025,2,SUPPORT CAMERA GAUCHE
MPP12_M6036,3,EXCENTRIQUE
MPP12_M6038,4,AXE EXCENTRIQUE
MPP12_M6057,0,ENTRETOISE
MPP12_M6058,0,ENTRETOISE
MPP12_M6096,4,CAPOT
MPP12_M6102,4,CAPOT
MPP12_M6105,4,CAPOT
MPP12_M6106,0,ENTRETOISE
MPP12_M6118,0,MIRROR (BIG)
MPP12_M6118K,0,SENSOR MIRROR KIT
MPP12_M6118K10,0,"MIRROR, A&B SENSOR, KIT"
MPP12_M6119,78,MIRROR (SMALL)
MPP12_M6121,0,LED INFRA SEP8705
MPP12SI_A6040,3,MIRROR FOR SPPA04A60000
MQDC,0,QUICK DISCONNECT - MALE PART
MTM6_A9500,0,MOTOR
MTM6_M0003,0,MOVEMENT AXIS
MTM6_M0099,0,MOTOR
MTMAH1100,0,MTM CPU
NFE200,1,200MM NOTCH FINDER ELEVATOR
NFE8_A0450,0,MOTOR UP/DOWN
NFE8_M0422,0,NFE8_M0422
NFE8_M0428,0,RIGHT COMB
NFE8_M0429,0,LEFT COMB
NFEA02_M0426,0,CARTER COUROIE
NFEA02_M0428,0,RIGHT COMB
NFEA02_M0429,0,LEFT COMB
NFEAC023,0,DOWNLOAD CABLE SMALL PRODUCTS
NFO300K001,3,KIT OF FUSES
NFO300K002,1,KIT OF TOOTHED BELTS LP std
NFO300K003,0,ROTARY NFO TOOTHED BELT KIT
NFOA01035000,0,NFO SQUARE
NFOA01A11900,0,MOTHERBOARD
NFOA01A13900,0,VACUUM PUMP KITS
NFOA01A13906,2,VELCRO
NFOA01A13907,2,VELCRO
NFOA01A13930,2,180 cm VACUUM TUBE
NFOA01A13940,2,45 cm VACUUM TUBE
NFOA01A13950,2,30 cm VACUUM TUBE
NFOA01A13960,2,25 cm VACUUM TUBE
NFOA01A17030,0,TAG READER RF ID
NFOA01A18001,0,SCREW CAP
NFOA01A18003,1,BUTTON EMO
NFOA01A21105,0,CLAMP ASSEMBLY
NFOA01A21115,0,CLAMP MOTOR
NFOA01A21206,0,CANOPY SENSOR
NFOA01A22106,0,DOCK/UNDOCK MOTOR (OLD)
NFOA01A22108,1,F/B ENCODER
NFOA01A22109,0,DOCK/UNDOCK MOTOR (NEW)
NFOA01A22300,5,CANOPY F/B COUPLING
NFOA01A23000,0,CANOPY SUPPORT EXTENSION
NFOA01A23006,0,ROTATION TRANS ASSEMBLY
NFOA01A23106,9,CANOPY ROTATION MOTOR
NFOA01A23107,0,CANOPY ROTATION MOTOR
NFOA01A23200,0,CANOPY F/B COUPLING
NFOA01A23300,3,CANOPY ROTATION COUPLING
NFOA01A30000,5,MAPPING ANTENNA
NFOA01A31000,0,"NFO RACKET, G2 STYLE"
NFOA01A31107,2,MOTOR
NFOA01A31115,3,FOUP DOOR LOCK KEY MOTOR
NFOA01A31116,0,KEY MOTOR
NFOA01A31130,0,FOUP DOOR LOCK KEY
NFOA01A31305,10,VACCUM SUCTION CUP G2/G3 NO UP
NFOA01A31315,0,SOLENOIDE G2/G3/G3+
NFOA01A31515,12,MAPPING ANTENNA SOLENOID
NFOA01A33106,2,NFO RACKET MOTOR
NFOA01A33108,1,RACKET ENCODER
NFOA01A40000,0,NFO RACKET KIT UPGRADE
NFOA01A40210,0,LEFT SIDE RACKET KEY
NFOA01A40300,0,VACUUM SUCTION CUP + SOLENOIDE
NFOA01A40400,0,TRACTION BAR
NFOA01A40500,0,KEY MOTORIZATION ASSEMBLY
NFOA01A40510,0,RIGHT SIDE RACKET KEY
NFOA01A40520,1,RACKET KEY MOTOR
NFOA01A41520,0,DOOR KEY MOTOR
NFOA01A60000,0,MAPPING ANTENNA
NFOA01A60200,2,MAPPING ANTENNA SOL ASSEMBLY
NFOA01AO21200,0,LIFT INTERFACE
NFOA01AO35000,0,NFO JIG
NFOA01M13902,4,VACUUM TUBING CONNECTOR
NFOA01M13903,2,VACUUM TUBING CONNECTOR
NFOA01M16004,0,SECURITY FRAME SUPPORT PIECE
NFOA01M18018,0,SUPPORT EN3
NFOA01M18019,0,ECROU SUPPORT EN3
NFOA01M20231,3,NFO Tag Reader covers
NFOA01M21006,1,COVER PRESENCE SENSOR
NFOA01M21063,0,KINEMATIC PINS
NFOA01M21203,45,CANOPY SENSOR FLAG
NFOA01M22003,0,BELT CLAMP SUPPORT
NFOA01M22014,0,CANOPY BELT
NFOA01M22027,16,SUPPORT CAPTEUR
NFOA01M23107,0,END STOP BUTEE
NFOA01M23108,0,BUTEE
NFOA01M30041,0,ANTENNA MODIFICATION
NFOA01M31016,0,NFO RACKET COVER
NFOA01M31022,2,COVER ANTENNA GREY
NFOA01M31109,10,FLAT COUNTERSUNK SCREW
NFOA01M31117,0,WASHER
NFOA01M31123,0,WHEEL
NFOA01M31130,7,FOUP DOOR LOCK KEY
NFOA01M31132,20,SREWS
NFOA01M31144,0,LANGUETTE
NFOA01M33108,1,RACKET BELT
NFOA01O3500,0,FOUP OPENER ADJUSTMENT JIG
NFOB00A21100,0,CLAMP MOTORIZATION ASSEMBLY
NFOB00A21110,0,CLAMP MOTORIZATION
NFOB00A4000,0,RACKET
NFOB00A40000,0,"NFO RACKET, AUTODOOR FOSB"
NFOB00A60000,0,MAPPING ANTENNA
NFOB00M21121,1,CAPOT MOTEUR
NFOB00M21122,1,BONNET
NFOS01M22114,2,CANOPY BELT
NLPA00A21100,0,CARRIER CLAMP TRANSMISSION
NLPA00A21600,0,CARRIER DETECTION SENSOR
NLPA00A60000,0,MAPPING ANTENNA
NLPS00A21900,0,CARRIER DETECTION SENSOR
OPTO01663,0,PHOTO
OPTO15060,10,LED IR SEP8506-003
OPTO15065,15,PHOTODARLINGTON FOR BFS
PARTS-2-RTF,0,MISCELLANEOUS PARTS SOLD - RTF
PC3AC0030,0,LINK CABLE
PC3BC0016,0,STD\H2500A CABLE
PC3CC0002,0,FRONT KEYBOARD CABLE
PC3CC0025,0,REAR SCREEN OUT CABLE
PC3CC0026,0,FRONT SCREEN OUT CABLE
PCM-10586-9584E,0,PCM-9584F/PCM-9584FG WIRING KT
PCM-3621,1,4 SATA PC/104-PLUS MODULE
PCOAH0341,13,FRAME LOCKER IMAGE ACQ BOARD
PCOAH2500,1,PARALLEL/SERIAL PORT BOARD
PCOBH0025,0,EXTENSION PC104 MOTHER BOARD
PCOBH2500,0,PARALLEL/SERIAL PORT BOARD
PCOBH2500B,0,Input/Output Management Board
PCODH2500,0,PC104 BOARD
PCOEH2500,2,LIGHTING CONTROL BOARD
PCOFH2500,4,I/OSERIAL PORT MNAGEMENT BRD
PCOGH2500,0,CARTE GESTION ECLAIRAGE
PCOKH2500,0,LIGHTING INTERFACE BOARD
PLAQ14637,0,"FILTRON, E600, 2'X3'X.125, ACR"
PLOT00327,10,FFU Bushing
PLOT00328,0,SHOCK ABSORBER
PNEM00001,0,SUCTION CUP
PNEU14386,3,FFU Motor
PNEU14388,7,PRESSURE SENSOR
PNEU14396,87,SUCTION PADS
PRF014354,0,FOOT
PRF014376,0,300mm TOOL FOOT
PRF014377,1,LIGHT TOWER COVER
PRF014516,50,Nuts M04 NORCAN
PRF014517,0,Nuts M05 NORCAN
PRF014529,8,BRACKET
PRF014598,2,REAR PANEL LOCK + KEY
PRF014599,0,SUPPORT ECRAN LCD A ROULETTES
PRF014600,0,M16 Ø65 FOOT
PRF014601,2,"LOCK, G5"
PSU-12,0,"PSU -12V, BLUE WIRE, 20AWG, CU"
PSU-5,0,"PSU -5V, WHITE WIRE, 20AWG, CU"
PSU-PLUS-12,0,"PSU +12V, YELLOW WIRE, 20AWG"
PWRAH0110,2,VICOR PWR SPPLY INT BOARD
PWRAH0114,0,VICOR PWR SPPLY INT BOARD
PWRAH0115,0,POWER SUPPLY DITRIBUTION BOARD
PWRAH0117,2,FFU PWR REG. BOARD
PWRAH0168,3,POWER SUPLLY BOARD
PWRAH0209,1,LINEAR MOTOR PWR SPLLY INT BRD
PWRAH0593,1,96V POWER SUPPLY DISTRIBUTION
PWRAH0596,0,POWER BOARD
PWRAH0681,0,power distribution board
PWRBH0542,5,POWER DISTRIBUTION BOARD
PWRBH0681,1,Power distribution board
PWRCH0115,5,FOHA POWER DIST BOARD
QDC_A,1,QUICK DISCONNECT
R9201A2,13,NON CE MOTOR CONTROL BOARD
REL015197,0,MASTER SWITCH
REL015214,0,CONDUCTOR KM1/KM2
REL015215,3,CONTACTOR
REL015226,1,RELAI SECURITE XPS-AC5121 24V
RES000332,0,Ø50 125MM SPRING
RES000336,60,ALIGNER SPRING
RES001259,0,NFO DOOR LOCK KEY
RES001450,0,RES C EXT 033 FIL 018 L0090
RES001628,0,Ø125 300MM SPRING
RES009272,0,SPRING
RES015274,0,SPRING
RES016113,0,Ø50 4000MM SPRING
RES016116,0,SPRING
RES016117,0,BFM SPRING
RES016119,0,BFM SPRING
RES1259,0,"SPRING, NFO DOOR LOCK KEY"
RESAA0450600080,0,SPRING
RI-CTL-MB6A-03,0,TIRIS CONTROL MODULE
RI-RFM-007B-00,0,High-Performance LF Radio Freq
RON001212,0,ROND INOX PLAT Z M04 NFE27611
RON014404,0,WASHER
RON014416,0,M16 STEEL WASHER
RON14417,0,PINS
ROUAE03A06,0,ROULEMENT 3X6
ROUAE04A11,0,ROULEMENT 4X11
ROUAE05A08,0,ROULEMENT 5X8
ROUAE05A11,0,ROULEMENT 5X11
ROUAE07A11,0,ROULEMENT 7X11
ROUAE08A16,0,ROULEMENT 8X16
ROUL00350,0,ROULEMENT 3X6X2.5
ROUL00351,0,MINI ENVIRONMENT DOOR HINGE
ROUL00353,0,"BEARING, RLT 07X11 INOX EP03"
ROUL00354,0,"BEARING, 8X16"
ROUL00355,0,Batch Comb Flip Bearing
ROUL00357,0,Ø20x27 BEARING
ROUL01355,0,Batch Comb Flip Bearing
ROUL01397,0,Z-Axis Bearing
ROUL13657,0,X-Axis Drive Pulley Bearing
ROUL13659,0,ROULEMENT 4X8X3
ROUL13661,0,BEARING
ROUL13662,0,BEARING
ROUL13682,1,BALL BEARING
ROUL13691,0,Ø6x23 COATED BEARING
ROUL13704,0,Batch Comb Flip Bearing
ROUL13705,0,Batch Comb Flip Bearing
ROUL13712,0,BEARINGS
RST010831,100,10KR 1/8W 5% 0805
RST300Fxx,0,temp
RTS300B51,0,G5+ SORTER WITH 5 LP
RTS300B56,0,G5+ 300mm Sorter including
RTS300B57,0,G5+ 300MM SORTER - 4 LOADPORTS
RTS300F08,0,"G5 Sorter, 4 LP"
RTS300F09,0,3 Load Port Wafer Transfer Too
RTS300F11,0,3 Load Ports wafer transfer
RTS300F__,0,3 Load Port Wafer Transfer Too
RTS300T09,0,2LP G5 EQUPMENT + OPTIONS
RTS300T10,0,G5 2 LP Stand Alone Tool
RTS300T11,0,SORTER G5 2LPS STANDARD-ROTARY
RTSA01A15600,1,PC
RTSA01A40210,0,POULIE TENSION
RTSA01A40605,2,Motor Z
RTSA01A40635,0,Z Flat cables assembly
RTSA01A45005,0,Theta Motor Assembly
RTSA01A51106,1,Aligner module
RTSA01A51125,0,"ALIGNER MOTOR, G5"
RTSA01A51156,0,Aligner star
RTSA01A55100,1,Camera module
RTSA01A80100,1,FFU Motor Assembly
RTSA01A80400,0,Absolute filter with poron joi
RTSA01M18108,1,FENETRE
RTSA01M40082,0,CAPOT Z AVANT
RTSA01M40096,1,Z motion belt
RTSA02A45005,1,Theta Motor Assembly
RTSB01A12100,0,UPS 110V
RTSB01A20041,0,RTSB01A20041
RTSF01A20310,0,GUIDE NAPPE XG5STEP1
RTSF01M20308,0,CLAMPS
RTSF01M20309,4,V3 CLAMPS FOR G5
SAVK01,1,THK GREASING KIT
SAVK03,1,1.25 A ANTI-SURGE FUSE KIT
SAVK04,1,1.5 A SLOW BLOW FUSE KIT
SAVK05,4,2 A SLOW BLOW FUSE KIT
SAVK06,0,2A FAST ACTING F. FUSE KIT
SAVK07,1,3.15 A SLOW BLOW FUSE KIT
SAVK08,1,3.15 A ANTI-SURGE FUSE KIT
SAVK09,4,5 A SLOW BLOW FUSE KIT
SAVK10,4,6.3 A ANTI-SURGE FUSE KIT
SAVK101,0,ALIGNMENT SENSOR & MANAGEMENT
SAVK104,0,G5 BACKSIDE CONTACT V2 END EFF
SAVK11,31,6.3 A SLOW BLOW FUSE KIT
SAVK115,0,G5+ WINXP HDD
SAVK117,0,BACK SIDE END EFFECTOR PIN KIT
SAVK12,1,8 A ANTI-SLOW BLOW FUSE KIT
SAVK13,0,4 A SLOW BLOW FUSE KIT
SAVK14,0,0.5A FAST BLOW FUSE KIT
SAVK15,0,1A CSM FUSE KIT
SAVK16,0,A/B SENSOR CALIBRATION KIT
SAVK18,2,TIRIS RECEPTOR MODULE FOR LP1
SAVK19,0,TIRIS RECEPTOR MODULE FOR LP2
SAVK20,0,TIRIS RECEPTOR MODULE FOR LP3
SAVK21,0,TIRIS RECEPTOR MODULE FOR LP4
SAVK22,0,PC HARD DRIVE-obsolete
SAVK23,0,HDD- obsolete
SAVK33,1,F50 MAINTENANCE BOX
SAVK34,0,40/80GO HD WINNT_Advantech
SAVK35,0,40/80GO HD WINNT_Matrox
SAVK36,0,40/80GO HD WIN2000_Matrox
SAVK37,0,40/80GO HD WINNT_Aisycs
SAVK38,0,40/80GO HD WIN2000_Aisycs
SAVK39,0,40/80GO HD WINXP_Aisycs
SAVK40,1,STANDARD/ROTARY NFO CANOPY MOT
SAVK41,11,"BEARING, FINGER ANTI-SLIDE GDG"
SAVK42,4,"PIN, FINGER ANTI-SLIDE 5,3MM G"
SAVK43,0,"PIN, FINGER ANTI-SLIDE 4,8MM G"
SAVK44,2,"BEARING, FINGER GUINDING PIN"
SAVK45,3,5.0MM REAR ROLLER KIT
SAVK46,0,5.0MM FRONT ROLLER KIT
SAVK47,1,F21 Finger 8.9mm Front Guiding
SAVK48,2,F21 Finger 9.0mm Front Guiding
SAVK49,1,F21 Finger 9.1mm Front Guiding
SAVK50,2,F21 FINGER REAR GUIDING PIN KI
SAVK51,1,"PIN, FINGER4.8MM FRONT GUINDIN"
SAVK52,3,F05/A04 FINGER 4.9MM REAR GUI
SAVK53,1,"PIN, FINGER 5.1MM REAR GUIDING"
SAVK54,1,"PIN, FINGER 5.2MM FRONTGUIDING"
SAVK55,6,"PIN,FINGER 5.1MM FRONT-GUIDING"
SAVK56,2,PIN FINGER 4.8MM REAR GUIDING
SAVK57,0,"PIN, FINGER 5.2MM REAR GUIDING"
SAVK58,0,"PIN, FINGER 4.9MM FRONT GUIDNG"
SAVK59,1,F21 Finger  Guiding Pin Bearig
SAVK60,0,NFO MOTOR FOR STOCKER LP
SAVK62,0,5A CMS FUSE KIT
SAVK64,3,500MA Fuse Kit
SAVK68,0,1MM End Effector contact pin
SAVK69,0,Configured G5 RFID Tiris Modul
SAVK70,0,2MM End Effector contact pin
SAVK71,0,SPP MOTHER BOARD
SAVK73,0,1MM ALIGNER PIN KIT
SAVK75,0,Configured HDD
SAVK76,0,End Effector
SAVK79,1,Alignment sensor & board kit
SAVK80,1,D8V6 THICK WAFER GUIDING PIN K
SAVK85,0,EEPROM 34 Kit
SAVK87,0,G5 Backside Contact End Effect
SAVK88,0,G5 EDGE CONTACT END EFFECTOR
SAVK92,0,1MM V2 END EFFECTOR PIN KIT
SAVK99,0,MONO WAFER MANIPULATION ARM+Cr
SIS300,0,300MM RECIF SORTER SIS300
SP3AC0001,0,"CABLE, MAIN POWER"
SP3AC0024,0,X MOTOR POWER SUPPLY CABLE
SP3AC0025,0,Y ETEL LINEAR MOTOR CABLE
SP3AC0026,1,X AXIS READING MODULE
SP3AC0027,0,Y AXIS READING MODUL
SP3AC0047,0,EXTENSION HOKUYO LP#1 & LP#4
SP3AC0049,5,CABLE
SP3AC0050,0,FRONT SCREEN PWR SUPPLY CABLE
SP3AC0052,1,TOGGLE SWITCH CABLE
SP3AC0053,1,REAR SCREEN CABLE
SP3AC0054,1,MONO TSFR ARM UP/DOWN MOTON B
SP3AC0055,0,U/D MAIN ENCODER
SP3AC0058,0,SAFTY MAIN ENCODER
SP3AC0060,2,X-AXIS LINEAR MOTOR
SP3AC0062,3,Y-AXIS LINEAR MOTOR
SP3AC0065,1,Z- AXIS VIDEO LIGHTING CABLE
SP3AC0066,2,Y-AXIS COMMUNICATION CABLE
SP3AC0073,4,CABLE SIGNAL CAMERA
SP3AC0074,4,ALIMENTATION CAMERA
SP3AC0075,4,CABLE SIGNAL CAMERA
SP3AC0076,4,ALIMENTATION CAMERA
SP3AC0077,4,RAMPE ECLAIRAGE
SP3AC0078,4,RAMPE ECLAIRAGE
SP3AC0079,2,LIAISON CARTE 315 A 136
SP3AC0080,2,ALIGNER SENSOR CABLE
SP3AC0081,2,MOTOR ALIGNER
SP3AC0082,8,SIGNAL INTERFACE CABLE
SP3AC0083,8,MOCRO MATCH CABLE
SP3AC0092,0,DOWNLOAD CABLE SUB-D9/SUB-D9
SP3AC0104,2,ETEL TERMINATION PLUG
SP3AC0122,0,LP CABLING
SP3AC0123,0,LP CABLE
SP3AC0124,0,LP CABLING
SP3AC0127,2,LP CABLING
SP3AC0132,2,CABLE RALLONGE MOT ROTATION
SP3AC0133,2,FLIP MOTOR CABLE
SP3AC0152,2,GENERIC CABLE
SP3AC0166,0,Y AXIS INT SENSOR
SP3AC1006,2,KEYBOARD CABLE
SP3AC1007,5,FRONT KEYBOARD CABLE
SP3BC0026,0,LEFT/RIGHT SCANNING HEAD
SP3BC0050,3,CABLE
SP3BC0053,0,REAR SCREEN CABLE
SPCH,19,WAND STAND HORIZONTAL
SPCV,16,WAND STAND VERTICAL
SPP00F05A4000,0,Z TOWER SQUARE
SPP05A14131,0,"POWER SUPPLY, UNINTERUPTED"
SPP200A51,0,200MMSINGLE PICK ANDPLACE TOOL
SPP200D02,0,200mm WAFER SORTER
SPP200D09,0,SPP200D02 200mm WAFER SORTER
SPP200D10,0,SPP200D02 200mm WAFER SORTER
SPP200D11,0,SPP200D02 200mm WAFER SORTER
SPP200K100,0,ROTATION CABLE KIT
SPP200K101,0,Y AXIS CABLE KIT
SPP200K102,0,X AXIS CABLE KIT
SPP200K104,0,ENCODER KIT
SPP200K105,0,SPP200G FLIP MODULE SENSOR KIT
SPP300-2,0,RECIF SYSTEM SORTER W/O FLIP
SPP300-4,0,RECIF SYSTEM SORTER W/FLIP
SPP300A03_A11035,0,REAR SIDE STATUS LIGHT
SPP300A03_A1200,9,REAR SIDE SCREEN
SPP300A03_A1250,13,REAR SIDE KEYBOARD
SPP300A03_A1267,6,READ SIDE TRACK PAD
SPP300A03_M1026,2,SCREEN
SPP300A03_M1030,2,SCREEN
SPP300B22,0,SPP300B22 WITH 4 NFO
SPP300C03_A6050,3,ALIGNER + BEARING
SPP300C03M6083,3,BRIDE PLATINE BRAS
SPP300C03M6097,3,BRIDE2 PLATINE
SPP300C03M6099,3,RONDELLE
SPP300C03M6120,0,ALIGNER AXLE
SPP300F01_M6011,0,VIS CAPTEUR
SPP300F01_M6022,0,CAPOT
SPP300F01_M6023,0,BASE
SPP300F01_M6024,0,SUPPORT ENS DOIGT
SPP300F01_M6086,2,SUPPORT DOIGT
SPP300F02_A1416,0,"ELECTRICAL TRAY KIT, LEFT"
SPP300F02_A1417,0,"ELECTRICAL TRAY KIT, RIGHT"
SPP300F02_M01052,0,NUT
SPP300F02_M01053,0,ADJUSTABLE SUPPORT BOLT
SPP300F02_M1080,0,Bracket Elect. Tray Locking
SPP300F02_M1408,0,"SUPPORT, ELECT TRAY, RIGHT"
SPP300F02_M14101,1,SUPPORT HINGE
SPP300F02_M14102,1,HINGE PIN
SPP300F02_M14103,0,SUPPORT HINGE
SPP300F02_M14104,0,PWR SUPPLY SUPPORT
SPP300F02_M14156,0,PWR SUPPLY SUPPORT
SPP300F02_M1445,0,"SUPPORT, ELECT TRAY, LEFT"
SPP300F02_M1903,0,DOOR OPENING COVER
SPP300F02_M3507,4,Z TOWER LOWER AXIS
SPP300F02_M3511,0,COVER
SPP300F02_M3513,2,Z axis External brake cover
SPP300F02_M3514,2,MOUNTING BRACKET
SPP300F02_M3526,1,Z TOWER BELT
SPP300F02_M3562,0,PULLEY COVER
SPP300F02_M6022,3,CAPOT
SPP300F02_M6023,1,BAZE
SPP300F02_M6024,1,SUPPORT ENS DOIGT
SPP300F02_M6091,3,COUVERCLE
SPP300F02_M6092,1,CORPS
SPP300F02_M6093,1,COUVERCLE
SPP300F02_M6095,1,CORPS
SPP300F02_M6108,5,AXE
SPP300F02_M6109,0,GALET TENDEUR
SPP300F02_M6110,4,ALIGNER BELT
SPP300F03_A1620,0,FRONT SIDE SCREEN/TOUCH SCREEN
SPP300F03_A1640,0,FRONT SIDE KEYBOARD
SPP300F03_A1660,8,FRONT SIDE TRACK PAD
SPP300F04_A1050,4,FRONT X RAIL MIDDLE FOOT
SPP300F04_A1080,0,REAR DOOR SENSOR
SPP300F04_A1107,0,BACK DOOR AND L/P PANEL KEY
SPP300F04_A1200,11,REAR SIDE SCREEN
SPP300F04_A2050,0,MONO RAIL
SPP300F04_A2100,4,CABLE GUIDING CHAIN
SPP300F04_A4010,0,MONORAIL
SPP300F04_A8000,2,CONNECTOR BOX
SPP300F04_M1050,0,FOOT
SPP300F04_M1051,0,BOLT
SPP300F04_M1052,0,RAIL SUPPORT
SPP300F04_M1306,0,GRID
SPP300F04_M1374,0,GRID
SPP300F04_M1456,0,PWR BOARD COVER FRT
SPP300F04_M1457,0,PWR BOARD COVER BK
SPP300F04_M1464,0,PWR BOARD SCREWS
SPP300F04_M1467,0,SUPPORT BRACKET
SPP300F04_M1468,0,COUVERCLE
SPP300F04_M1628,0,HOOK
SPP300F04_M2018,0,CABLING COVER
SPP300F04_M2031,0,CABLING COVER
SPP300F04_M3501,1,BODY SUPPORT
SPP300F04_M3504,1,Z TOWER BRACKET
SPP300F04_M3512,1,SUPPORT
SPP300F04_M4010,1,RIGHT Y AXIS COVER
SPP300F04_M4011,5,LEFT Y AXIS COVER
SPP300F04_M4012,0,Y AXIS COVER
SPP300F04A11100,0,LEFT MIDDLE BACK DOOR
SPP300F04A11200,0,RIGHT BACK DOOR
SPP300F04A11300,0,RIGHT MIDDLE DOOR
SPP300F04K01,6,KIT OF CABLE GUIDING CHAINS
SPP300F04K02,10,TOOTHED BELT KIT
SPP300F04K03,5,KIT OF FUSES
SPP300F04K04,2,UP/DOWN MOTION ENCODERS KIT
SPP300F04K05,0,KIT OF U/D FLAT RIBBON CABLE
SPP300F04K07,0,X-Y AXIS READING MODULES KIT
SPP300F04K09,0,Kit of Aligment & Wafer Detect
SPP300F04M11201,2,REAR LEFT WINDOW
SPP300F05_A11160,3,SPEAKER ASSEMBLY
SPP300F05_A1640,6,FRONT SIDE KEYBOARD
SPP300F05_A3500,3,Z TOWER
SPP300F05_A3570,0,U/D MOTION SAFETY ENCODR/BRAKE
SPP300F05_A4000,0,Y TRANSFER ASSEMBLY
SPP300F05_M1695,0,GOUPILLE FIXATION
SPP300F05_M3588,2,Z axis Brake cover
SPP300F05A11130,0,RIGHT FRAME GASKET
SPP300F05A11135,0,LEFT FRAME GASKET
SPP300FO4_A1200,0,REAR SCREEN
SPP300K101,1,T03 FINGER WAFER ROTATION PIN
SPP300K102,3,LINEAR MOTOR SCAN HEAD KIT
SPP300K104,3,FRNT SIDE SCRIB.LIGHT.UNIT KIT
SPP300K105,0,T03 FINGER UP/DOWN DISTRIBUTIO
SPP300K107,2,REAR SIDE CRIB.LIGHT.UNIT KIT
SPP300K108,0,KIT OF WFR GUIDING ROTAT PINS
SPP300K109,1,2 FO LINEAR MOT.RAD.MOD.KIT
SPP300K110,2,2FO CABLE GUIDING CHAIN KIT
SPP300K111,0,ALIGNMT&FR DETECT.SENSOR KIT
SPP300K113,0,SUBSTRATE PRESENCE SENSORS KIT
SPP300K116,5,MASTER SWITCH KIT
SPP300K117,4,BELTS
SPP300K118,5,WAFER PRESENCE EMITTERS
SPP300K119,0,PEEK WAFER ROATING PINS
SPP300K121,5,KIT ELECTRONIC TRAY ROLLER
SPP300K122,0,Y RAILS COVER KIT
SPP300K123,7,Y INIT SENSOR KIT
SPP300K124,1,COVER UPGRADE KIT
SPP300K125,0,FFU REPAIR KITS
SPP300K127,0,BACK DOORS UPGRADE KIT
SPP300K129,0,F05_F50 ALIGN. SENSOR MIR. KIT
SPP300K132,0,FFU SILENTBLOCK KIT
SPP300UK102,0,MATROX PC + MTI
SPP300UK102_A,0,MATROX PC + MTI
SPP300UK104,0,F50 MONO ARM FINGER UPGRADE
SPP3AC0065,0,LIGHTING VIDEO AXE Z
SPP6M,0,SPP 6 INCHES
SPP6M_A0321,0,LEFT MAPPING ANTENNA
SPP6M_A0423,0,FORW./BACKW. MOTOR ASSEMBLY
SPP6M_A0506,0,LEFT TRANSFER FINGER
SPP6M_A0507,0,RIGHT TRANSFER FINGER
SPP6M_A0621,0,RIGHT MAPPING ANTENNA
SPP6M_M0307,0,LEFT MAPPING ANTENNA Z BELT
SPP6M_M0423,0,CORPS
SPP6M_M0448,0,ROBOT Y BELT
SPP6M_M0526,0,RAIL
SPP6M_M0527,0,RAIL
SPP6M_M0529,0,Case support
SPP6M_M0581,0,Case support
SPP6M_M0595,0,ROBOT Z BELT
SPP6M_M0640,0,RIGHT MAPPING ANTENNA Z BELT
SPP8_A9017,0,ANTENNA MOTOR FOR OLD TYPE
SPP8_A9150,0,L/R MOTOR ASSEMBLY
SPP8_A9505,0,Z MOTOR (OLD)
SPP8M_A0001,3,KEYBOARD ASSEMBLY
SPP8M_A0162,0,L/R MOTOR ASSEMBLY
SPP8M_A0330,2,LEFT ANTENNA
SPP8M_A0362,0,ANTENNA MOTOR FOR SPP8
SPP8M_A0422,0,B/F MOTOR
SPP8M_A0423,0,B/F MOTOR
SPP8M_A0506,2,LEFT FINGER ASSEMBLY (NEW)
SPP8M_A0507,2,RIGHT FINGER ASSEMBLY
SPP8M_A0521,0,U/D MOTOR ASSEMBLY
SPP8M_A0599,2,UP/DOWN ENCODER
SPP8M_A0630,0,RIGHT ANTENNA
SPP8M_A0700,0,STATUS LIGHT
SPP8M_M0106,0,TOOTHED BELT X AXIS
SPP8M_M0132,0,TRANSISTOR CLAMP 1/2
SPP8M_M0133,0,TRANSISTOR CLAMP 2/2
SPP8M_M0329,0,BELT
SPP8M_M0410,0,FLAG
SPP8M_M0557,2,FINGER
SPPA01A53000,0,LEFT SIDE WAFER T. FINGER
SPPA01A54000,2,RIGHT SIDE WAFER T. FINGER
SPPA01A58150,0,BATCH COMB U/D TRSMISSION SHAF
SPPA01A58160,0,BATCH COMB UP/DOWN MOTOR
SPPA01A58250,0,LEFT SIDE BATCH COMB
SPPA01A58260,0,RIGHT SIDE BATCH COMB
SPPA01A58300,0,RETRY UNIT
SPPA01M50013,0,Z BELT
SPPA01M70105,0,X-Axis Drive Pulley Spacer
SPPA01M70106,0,Wafer Mapping Drive Roller
SPPA02A67000,0,DAMPER SHAFT
SPPA02A81200,0,Lim Guide
SPPA02M10031,0,BOUCHON
SPPA02M10032,0,BOUCHON
SPPA02M13001,0,carrier guide
SPPA02M21005,0,TELE DE CAPTEUR
SPPA02M21006,0,CHAPEAU
SPPA02M21007,0,AXE POUUOIR CAPTEUR
SPPA02M21008,0,FOURREAU CAPTEUR
SPPA02M21009,0,AXE CAPTEUR
SPPA02M21010,0,RONDELLE AXE CAPTUER
SPPA02M30016,0,X-Axis Belt
SPPA02M64011,12,CARRIER GUIDE
SPPA02M70012,0,Wafer Mapping Belt
SPPA04A60000,2,EDGE CONTACT END EFFECTOR (M1.
SPPA04M00114,1,A04 MONO FINGER PALLET
SPPA07A60200,4,ALIGN SENSOR
SPPA08K60000,0,Crate and Plastic container Kt
SPPA11A14122,0,2 STAGES NFO POWER SUPPLY
SPPA11A14325,0,RFID CONVERTER BOX FOR LST
SPPA11A15205,0,X RAILS SUPPORT 2/2
SPPA11A15215,0,X RAILS SUPPORT 1/2
SPPA17A10105,1,STATUS LIGHT
SPPA17A21005,0,Carrier Load Table
SPPA17A31005,0,X-Axis Assembly
SPPA17A31105,0,X-Axis Drive Pulley Assembly
SPPA17A31205,1,LEFT/RIGHT TRANSFER MOTOR
SPPA17A32005,0,X-Axis Tensioning Roller Ass.
SPPA17A41005,0,F/B Motorization
SPPA17A41105,0,FORWARD/BACKWARD TRSFR MOTOR
SPPA17A42005,0,Y-AXIS BELT TENSION ASSEMBLY
SPPA17A42105,0,Y-AXIS BELT GUIDE ROLLER ASSY.
SPPA17A7,0,MAPPING ANTENNA MOTOR
SPPA17A70105,0,ANTENNA MOTOR
SPPA17A70115,0,MAPPING ANTENNA UP/DOWN MOTOR
SPPA17A70205,0,ANTENNA MOTOR TRANSMISSION
SPPA17A75100,1,RIGHT MAPPING ANTENNA
SPPA17A75115,0,MAPPING ANTENNA UP/DOWN MOTOR
SPPA17A75200,1,LEFT MAPPING ANTENNA
SPPA17A81005,0,Sliding Keyboard
SPPA17A81105,0,KEYBOARD
SPPA17A86105,0,Carrier Wafer Slide Photorecep
SPPA17A87005,0,Carrier Wafer Slide LED
SPPA17M50997,1,CAPOT TOLE
SPPA17M51035,1,COVER
SPPA17M51093,0,X-Axis Tensioning Roller
SPPA17M51124,0,Wafer Mapping Belt Tightener R
SPPA17M52556,0,Y-AXIS BELT
SPPA17M54278,2,Y AXIS RIBBON CBALES CLAMP
SPPA34A16035,3,STYLUS PEN
SPPA43M54424,20,RINGS FOR SPP200A51
SPPA51A31205,1,Z MOTOR
SPPA51A41105,2,FOR/BACKWARD TRANSFER MOTER
SPPA51A70105,0,Wafer Mapping Motor Assembly
SPPAC013,0,U/D INITIALIZATION SENSOR
SPPAC014,2,EXTERNAL ENCODER (NEW)
SPPAC025,0,SPP/BPP DOWNLOADING CABLE
SPPAC037,0,SCREEN CABLE W/SUB-D
SPPAC038,0,57 BUTTONS KEYBOARD CABLE
SPPAH0022,2,ANTENNA DISTRIBUTION BOARD
SPPAH0057,2,INTERFACE BOARD
SPPAH0067,0,F/B INTERFACE BOARD
SPPAH0069,3,ANTENNA DISTRIBUTION BOARD
SPPAH0070,0,RIGHT/LEFT MOTOR INT. BOARD
SPPAH0072,0,OPTICAL SENSOR INT.BOARD
SPPAH0073,0,RESTING PLANE INT.BOARD
SPPAH0074,0,CARRIER RECEPTOR BOARD
SPPAH1300,2,ANTENNA EMSSION INT. BOARD
SPPAH1700,0,STATUS LIGHT BOARD
SPPAH2400,0,POWER SUPPLY DECOUPLING BOARD
SPPAH2500,3,BATTERY RELAY BOARD
SPPAH9000,0,MTHBRD 8';280-335/6';200-230
SPPB07M00449,0,LED INFRARED
SPPB09A10001,0,FLIP VERTICAL BEAM
SPPB09A10002,0,FLIP HORIZONTAL BEAM
SPPB09A60101,0,WAFER DETECTION EMITTER
SPPB09A60400,0,SPPB09 FINGER ASSEMBLY
SPPB09A80005,0,FLIPPER MODULE
SPPB09M00506,0,**** USE SAVK80 ****
SPPB09M00506K05,0,*** USE SAVK80 ***
SPPB09M00507,2,BACK ROLLER PINS
SPPB09M51690,0,FLIP GUIDING ROLLER
SPPB09M51690K04,0,FLIP GUIDING ROLLER KIT
SPPBC019,0,LEFT/RIGHT PINK CABLE 1/3
SPPBC020,0,LEFT/RIGHT PINK CABLE 2/3
SPPBC021,0,LEFT/RIGHT PINK CABLE 3/3
SPPBH1300,1,ON BOARD EMISSION
SPPBH2500,0,F/B INTERFACE BOARD
SPPD02A17018,1,STATUS LIGHT
SPPD02A25055,1,SUBSTRATE LOCATION MOTOR
SPPD02A30325,1,L/R TRANSFER MOTION MOTOR
SPPD02A50105,0,Z TRANSMISSION
SPPD02A50115,0,U/D TRANSFER MOTION MOTOR
SPPD02A51007,1,MONO WAFER MANIPULATE/ARM
SPPD02A51008,2,CLAMP MOTOR
SPPD02A51016,1,ALIGNER SENSOR
SPPD02A51019,5,WAFER DETECTION SENSOR
SPPD02A51117,0,CAMERA
SPPD02A61009,0,PC
SPPD02A70017,7,MAPPING ANTENNA
SPPD02A75800,1,DAMPER
SPPD02A80015,1,KEY BOARD
SPPD02M52313,0,Torque Limitator
SPPD02M52353,0,CARRIER TILTER ROD
SPPD02M52401,0,Dxx EDGE CONTACT END EFFECTOR
SPPD02M52988,0,Wafer Mapping Shim
SPPD02M52989,0,Wafer Mapping Shim
SPPD02M53808,0,ECROU / SENSOR FLAG SLEEVE
SPPD02M53809,0,SENSOR FLAG
SPPD02M53811,0,VIS / SENSOR FLAG CAP
SPPD10M75121,0,GUIDING ROD
SPPD10M75212,0,GUIDING ROD
SPPD11M52335,0,GUIDING ROD
SPPDH1500,0,MOTOR DRIVER BOARD
SPPEH1500,2,ON BOARD RECEPTION INT BOARD
SPPF02A09900,0,TROLLEY
SPPF04A40100,7,CABLE GUIDING CHAIN
SPPF04A60800,0,PHOTOTRANSITOR FOR MONO F05
SPPF04A60900,0,LED FOR MONO F05
SPPF04M00066,6,CAPOT
SPPF04M00067,10,CAPOT
SPPF05A10050,0,X RAIL SUPPORT
SPPF05A11155,12,REAR/FRONT SIDE STATUS LIGHT
SPPF05A11156,0,Light holder
SPPF05A14122,0,4 STAGES NFO POWER SUPPLY
SPPF05A14130,0,UPS INTEL
SPPF05A14131,0,UPS IBM
SPPF05A14307,0,UPGRADE KIT ELECTRICAL
SPPF05A14406,0,LEFT MIDDLE BACK DOOR
SPPF05A14506,0,MOUNTING BRACKET
SPPF05A35051,0,ROBOT Z MOTOR
SPPF05A35055,0,UP/DOWN MOTOR assembly
SPPF05A4000,0,Z TOWER SQUARE
SPPF05A40008,4,Z TOWER AXIS KIT
SPPF05A60000,0,MONO TRANSFER FINGER
SPPF05A60740,0,NOTCH DETECTION SENSOR
SPPF05A60850,1,ALIGN SENSOR
SPPF05A60850K,0,kit (4) SPPF05A60850 sensors
SPPF05A61000,3,OCR RETROFIT MODULE
SPPF05A62005,2,MONO FINGER UPGRADED LIGHTING
SPPF05M00089,0,GALET LIBRE
SPPF05M00162,0,SWITCHER CS221
SPPF05M00441,10,GUIDE (THICKNESS;0.1MM)
SPPF05M00442,0,GUIDE (THICKNESS;0.3MM)
SPPF05M00494,0,SUPPORT CARTE MATROX
SPPF05M00570,2,INSULATION PLATE
SPPF05M51716,2,SUPPORT CHARIOT
SPPF05M51716A,0,SUPPORT CHARIOT-wrong p/n
SPPF05M60840,1,DOIGT
SPPF05O4000,2,Z AXIS CALBRATION TOOL
SPPF05O6000,0,TUNING TOOL SPP300 FINGER
SPPF20A11527,4,REAR KEYBOARD
SPPF20A14165,0,ETEL DUAL DRIVE
SPPF20A16017,3,SCREEN TOUCH SCREEN
SPPF20A16018,4,KEY BOARD
SPPF20A16019,4,TRACKPAD MOUSE
SPPF20A16028,7,REAR SCREEN
SPPF20A21206,0,SUBSTRATE LOCATION SLOT
SPPF20A25006,0,WAFER BUFFER
SPPF20A25215,0,SUBSTRATE LOCATION MOTOR
SPPF20A60305,1,ALIGNER CLAMP ASSEMBLY
SPPF20A60315,6,ALIGNER
SPPF20A80005,0,WAFER FLIPPER
SPPF20A80107,5,WAFER FLIP MOTOR
SPPF20M52758,0,MIRROR
SPPF20M52759,1,Right side wafer finger
SPPF20M52760,2,Left side wafer finger
SPPF20M54276,0,Cover
SPPF20M54282,0,FLIPPING ROLLER
SPPF20M54314,1,BACK ROLLER SUPPORT
SPPF21A60005,0,MONO WAFER MANIPULATION ARM
SPPF21A60405,2,MONO FINGER F21 TYPE
SPPF26A16058,0,SYLUS PENS
SPPF50A60000,0,MONO FINGER
SPPF50A60005,0,F50 MONO FINGER
SPPF50A60010,1,MIDDLE ALIGMENT SENSOR 2
SPPF50A60020,1,L/R ALIGNMENT SENSOR 1&3
SPPF50A60450,2,ROTATING RING
SPPF51A60435,0,Titanium Ring
SPPFH1500,0,MAPPING ANTENNA PHOTORECEP BD
SPPG01A64005,0,MOTHER BOARD BOX
SPPG01A64006,0,MOTHERBOARD BOX AND CABLES
SPPG01M00061,0,Cover Flip Module Box
SPPG02A17019,0,LCD TOUCHSCREEN
SPPG02A18105,0,CAMERA ASSEMBLY
SPPG02A30119,0,TRANSFER ROTATION MOTOR
SPPG02A72109,0,FILTER FAN UNIT MOTORIZATION
SPPG03A55108,0,INNER FRONT WAFER GUIDING PINS
SPPG03A55109,3,REAR ROT WAFER GUIDING PIN
SPPG03A55115,5,ALIGNER SHEAVE
SPPG03A55205,0,OUTER FRNTROT.WAFER GUIDINGPIN
SPPG03A55206,3,CLAMP MOTOR
SPPG03A55207,3,ALIGNER TRANSMISSION
SPPG03A55209,5,ALIGNMENT SENSORS
SPPG14A19005,0,RIGHT SIDE CARR.WAFER MAPPING
SPPG14A19105,0,LEFT SIDE CARR. WAFER MAPPING
SPPG14A51108,0,U/D TRANSFER MOTOR
SPPG14A67005,0,PC
SPPG16A16009,0,CAMERA BOX
SPPG16A18015,0,KEYBOARD+ATTACH.MECHANISM
SPPG16A19008,0,RIGHT SIDE RETRY OPTIC.BARRIER
SPPG16A19009,0,LEFT SIDE RETRY OPTIC BARRIER
SPPG16A19507,0,RIGHT SIDE WAFER RETRY MOTOR
SPPG16A19607,0,LEFT SIDE WAFER RETRY MOTOR
SPPG17A15205,0,WAFER FLIP ASSEMBLY
SPPG17A15415,0,WAFER FLIP MOTOR
SPPGH1500,0,ANTENNA INTERFACE BOARD
SPPR01A35200,0,Z TOWER COVER
SPPR01M35002,2,Z TOWER COVER
SPPR01M35003,2,RIGHT COVER
SPPR01M35014,1,"Z axis bottom link"""""""" cover"""""
SPPR01M35015,2,Z TOWER COVER SUPPORT
SPPS05M53484,0,Y-AXIS BELT TENSION ROLLER
SPPS10A51560,0,REAR WAFER GUIDING PIN
SPPS10A51570,0,OUTER FRONT WAFER GUIDING PIN
SPPS10A51590,3,INNER FRONT WAFER GUIDING PIN
SPPS10M52502,0,Dxx/Sxx EDGE CONTACT END EFFEC
SPPS20A16025,0,KEYBOARD AND BRACKET ASSEMBLY
SPPT02A60315,0,ALIGNER
SPPT02M00367,12,CALE
SPPT02M60003,0,BELT
SPPT02M60009,25,FINGER ROLLER GUIDE
SPPT02M60013,0,BELT
SPPT02M60310,0,MOTHERBOARD COVER
SPPT03M00551,8,GUIDING PIN
SPPT06A25156,0,L SHAPE SENSOR FOR SUBSTRATE
SPPT14M52359,4,"BODY, SENSOR, F21"
SPPT14M52360,2,"BRIDLE, SENSOR, F21"
SPPT30A35005,0,LONG Z TOWER ASSY
SPRA03A50140,0,LEFT FINGER
SPRA03A50150,0,RIGHT FINGER
SRT300F04,0,SORTEUR 4 FOUPS GENERATION 3
SRT300F11,0,SORTEUR 4 FOUPS GENERATION 3
SRT300F12,0,SANS SLIP 2NFOA+2NFOR
SRT300F13,0,SORTER SPP300-4 WITH FLIP
SRT300F17,0,SORTER SPP300-4 4NFO G3
SRT300F57,0,300MM WAFER SORTER W/4 L. PORT
SRT300F58,0,"SORTER, SPP300-4"
SRT300F60,0,SORTEUR 4 FOUPS GENERATION 3
SRT300F62,0,SPP300-4 SORTEUR 4NFO G3+
SRT300K100,0,LONG Z TOWER FLAT CABLE KIT
SRT300K101,0,FLIP TOOL U/D TOOTHED BELTS
SRT300T08,0,SORTER SPP300-2 WITHOUT FLIP
SRT300T56,0,SORTER SPP300-2 WITHOUT FLIP
SRT300T57,0,300MM WAFER SORTER W/4 L. PORT
SRT300T58,0,300MM WAFER SORTER
SRT300T59,0,SORTER SPP300-2 WITHOUT FLIP
SRT300T63,0,SORTER SPP300-2 WO/FLIP N/FOHA
SRT300T69,0,SRT300-2LP
SRTF01A10105,0,"SIDE PANEL, RIGHT"
SRTF01A10106,0,"SIDE PANEL, LEFT"
SRTF01A14505,1,BOITIER PC G3 PLUS
SRTF01A14507,0,CARTE DISTRIBUTION
SRTF01A14509,0,SUPPORT BUTTON
SRTF01A40200,7,CABLE GUIDING CHAIN
SRTF01M50129,10,SUPPORT
STARNI_A9001,0,STARNI CAMERA ASY
STBH0374,0,LOAD PORT SENSOR BOARD
STD1193-03,4,DISTRIBUTION BOARD
STD1193-04,0,NON CE CAMERA INTERFACE BOARD
STD119302,0,LIGHTING BOARD
STD119304,7,NON CE CAMERA INTERFACE BOARD
STD1293-16B1,0,LCD SCREEN PWR SUPPLY BOARD
STDAH0037,11,SENSOR INTERFACE BOARD
STDAH0109,0,LIGHTING BUFFER BOARD
STDAH0130,1,UPPER AXIS MANAGEMENT BOARD
STDAH0136,3,VIDEO MANAGEMENT BOARD
STDAH0141,0,VACUUM LASER MGMT BOARD
STDAH0161,0,ACR PLATE INTERFACE BOARD
STDAH0185,1,PRESSUE SENSOR INTERFACE BOARD
STDAH0227,1,E84 MANAGEMENT BOARD
STDAH0237,2,RACKET INTERFACE BOARD
STDAH0255,5,NON-CE BOOSTED LIGHTING BOARD
STDAH0263,2,DISTRIBUTION BOARD
STDAH0295,0,OPTICAL BARRIER/SENSOR INT.BRD
STDAH0308,12,OPTICAL BARRIER/SENSOR INT BRD
STDAH0311,1,B/F INTERFACE BOARD FO
STDAH0317,0,Reverse Signal Mgnt.Board
STDAH0331,0,B/F RACKET MOTION BOARD
STDAH0347,1,FO12 DISTRIBUTION BOARD
STDAH0359,0,PC/LIGHTING/UPS MANAGEMENT BRD
STDAH0371,0,RACKET MANAGEMENT BOARD
STDAH0372,8,CANOPY INTERFACE BOARD
STDAH0373,9,STATUS LIGHT BOARD
STDAH0374,1,SENSOR INTERFACE BOARD
STDAH0383,3,FRAME SECURITY PHOTO BOARD
STDAH0384,0,FRAME SECURITY LED BOARD
STDAH0385,0,OPTICAL BARRIER BOARD
STDAH0411,7,WAFER DETECTION EMITTER BOARD
STDAH0412,2,WAFER DETECTION PHOTORECEP BRD
STDAH0469,5,CANOPY ROTATION INTERFACE BRD
STDAH0470,3,MONO ARM ALIGNER SENSOR BOARD
STDAH0493,1,MULTI I/O BOARD
STDAH0506,0,Vigil Red Lighting Ramp
STDAH0520,0,WAFER SLIDE EMITTER MOTOR
STDAH0521,1,WAFER SLIDE RECEPTOR BOARD
STDAH0543,0,SENSOR AND TOR I/O PC INT. BOA
STDAH0546,0,BACK DOOR SENSOR BOARD
STDAH0548,5,LIGHTING UNIT 1 BOARD
STDAH0549,1,LIGHTING UNIT 2 BOARD
STDAH0569,5,MOTOR MANAGEMENT BOARD
STDAH0604,1,PC MATROX VIDEO TRAVERSEE DE P
STDAH0615,0,SENSOR INTERFACE BOARD
STDAH0659,1,Dock sensors board
STDAH0666,1,White Lighting Board
STDAH0668,0,Notch sensor board
STDAH0700,0,MOTHERBOARD
STDAH0701,0,FORK SENSOR
STDBH0109,4,PC LIGHTING DISTRIBUTION BOARD
STDBH0130,7,LOWER AXIS MANGEMENT BOARD
STDBH0141,0,FO RACKET BOARD
STDBH0270,2,SENSOR INTERFACE BOARD
STDBH0308,3,SENSOR INTERFACE BOARD
STDBH0371,0,RACKET MANAGEMENT BOARD
STDBH0372,1,CLAMP MANAGEMENT BOARD
STDBH0374,4,LOAD PORT SENSOR BOARD
STDBH0388,3,SUBSTRATE LOCTN MANGEMENT BRD
STDBH0452,2,AXIS MANAGEMENT BOARD
STDBH0650,1,I/O DSCDM board
STDBH0655,0,FFU Control Board
STDBH0666,1,Blue-Green Lighting Board
STDCH0371,0,RACKET MANAGEMENT BOARD
STDCH0666,1,Blue Lighting Board
STDDH0130,9,ROTATION AXIS MANAGEMENT BOARD
STDDH0308,0,OPTICAL BARRIER/SENSOR INT.BRD
STDDH0666,1,Green Lighting Board
STDEH0130,0,MOTION AXIS MANAGEMENT BOARD
STDEH0666,1,Orange Lighting Board
STDFH0666,1,Yellow Lighting Board
STDGH0666,1,Red Lighting Board
SW0300A01M60020,0,LED TLRH180P
SWO300,0,CUSTOM MADE 300MM TOOL
TA00019,0,"GOLDEN CARRIER, JIG"
TA00027,0,FLIP ADJSMENT JIG
TA00067,0,SENSOR ADJUSTMENT
TA50069,0,FINGER PLANE TEST BENCH
TA50084,0,BEARING EXTRACTION TOOL
TA50085,4,WAFER GUIDING PIN EXTRACTOR
TA50090,0,BEARING EXTRACTOR
TA50094,0,BEARING EXTRACTOR
TA50104,0,KINEMATIC CPLING HEIGHT MSMENT
TA50130,0,TIRIS CONFIGURATEUR
TA50140,0,TSSAXX/F50 FINGER PIN EXTRCTOR
TA50141,0,LOADPORT KEYS ALIGNMENT ADJMNT
TA50165,0,MONO ARM TESTBENCH
TA50176,0,JIG FOR NEW FLIP
TA50194,0,FLIP JIG
TA50195,5,JIG
TA50254,1,Wafer edge detection sensor ad
TA50408,2,PRESSURE DYNAMOMETER KIT
TA50410,1,ADJUSTABLE TORQUE SCREWDRIVER
TBFAC008,0,ROTATION CABLE
TBFAH1500,0,MOTOR DRIVER BOARD
TBFBH1100,0,CPU BOARD+DALLAS
TBFF6_A0200,0,ALIGNER ASY TBFF6
TBFF8_A0231,2,ROLLER END PIECE
TBFF8_A0260,0,"MOTOR ASSY, UP/DOWN"
TBFF8_A90220,0,SILICON COVERED ROLLER
TBFF_A0120,0,FRONT CASSETTE GUIDING PIECE
TBFF_A0205,0,ALIGNER UP/DN MOTOR
TBFF_A0221,0,ALIGNER ROTATION MOTOR
TBFF_A0223,0,ALIGNER ROTATION MOTOR
TBFF_A0231,0,ALIGNER END PIECE
TBFF_A0260,10,U/D MOTOR ASSEMBLY
TBFF_A0270,0,CARRIER DETECTION SENSOR
TBFF_A0300,3,ELECTRONIC BOX
TBFF_A90220,1,SILICON ROLLER
TBFF_M0105,0,ROTATING ROD
TM00118,1,ANTENNA ADJUSTMENT JIG
TM00243,4,3MM GAUGE DISTANCE ADJUSTMENT
TM00305,1,Capacitive sensor detection ad
TM00320,2,CAPACITIVE SENSOR ADJUSTMENT J
TM00322,0,EDGE CONTACT CAPACITIVE SENSOR
TM50104,1,KINEMATIC CPLING HEIGHT MSMENT
TM50141,1,LOADPORT KEYS ALIGNMENT ADJMNT
TM50169,1,BEARING PRESS TIPS
TM50170,1,BEARING PRESS TIPS
TM50264,0,BEARING PRESS TIPS
TM50484,0,BEARING PRESS TIPS
TM50620,0,BRACKET
TM50686,1,FLEXPAC CABLE FOLDING TOOL
TM50897,2,COUPLER ADAPTAR
TM50904,2,SEARCH SENSOR ADJUSTMENT JIG
TM50906,2,SEARCH SENSOR ADJUSTMENT JIG
TM51003,0,Theta Zeroing
TM51008,3,F50 NUBS CHECK JIG
TM51067,2,WAFER ALIGNMENT JIG
TM51084,0,THETA 0 POSITION ADJUSTMENT JI
TM51093,2,SUBSTRATE SLIDE DETECTION ADJU
TM51094,2,SUBSTRATE SLIDE DETECTION ADJU
TM52222,0,LIGHTING UNIT ANGLE ADJUSTMENT
TOUAH1100,0,CPU BOARD
TS,0,COIL VACUUM TUBE
TSR300R01,0,LAZER JIG
TSR300R02,0,LAZER JIG II
TSRA34,0,ANTENNA LEVEL JIG
TSRA34A90000,0,JIG FOR END EFFECTORS
TSSA03M65003,6,"NUBS, F50"
TSSA04A60300,2,CLAMP MIRROR UNIT
TSSA04A60302,0,MIRROR SUPPORT
TSSA04A60400,1,ROTATING PLATE MONO FINGER
TSSA04A60420,0,FRONT ROLLERS
TSSA04A60430,2,MAIN ROLLER
TSSA04A60500,0,ALIGNER TRANSMISSION
TSSA04A60600,0,OCR DATA MATRIX CAMERA
TSSA04A60700,0,CAMERA LIGHTING UNIT
TSSA04A65110,2,ROTATING ROLLER
TSSA04M60012,4,AXE
TSSA04M60302,0,MIRROR SUPPORT
TSSA04M60402,0,F50 PLATE SCREW
TSSA04M60403,0,WASHER
TSSA04M60409,0,F50 FRONT SCREW
TSSA04M60412,0,Screws For F50 front roller
TSSA04M60413,0,Screw for F50 finger
TSSA04M6049,0,F50 FRONT SCREW
TSSA04M65003,0,F50 NUBS
TSSA04O00100,0,Roller Adj -Outillage Galet AV
TSSA05M50003,0,Plastic housing for Aligner
TSSD&MQDC,0,STRAIGHT TUBE+MALE QK DSCNT
TSSD14T,3,VACUUM TUBE (CONDUCTIVE)
TSSD14TM,3,"1,8m Straight vacuum tube QDS"
TSSD3m,0,VACUUM TUBE 3M ESD
TSSD3M14T,5,WAFER HANDLING TUBE
TSSD3M14TM,13,3m Straight vacuum tube quick
TSSD_M0001,0,VACUUM WAND INSERT
VENT14337,0,CPU HEAT SINK AND COOLING FAN
VG,0,VACUUM GAUGE
VIS000406,0,VM4X15 FR PLATE PA6
VIS000407,0,VM4X20 FR PLATE PA6
VIS000408,0,PWR BOARD SCREW KIT
VIS000409,0,SCREW REAR COVER BTB VMT
VIS000432,20,SCREW PLASTIC
VIS000448,0,SCREW
VIS000451,0,VIS M2X12 CHC INOX
VIS000459,9,SCREW
VIS000460,0,COUNTERSUNK HEAD SCREW
VIS000463,0,M3X35 CHC INOX
VIS000472,0,3x6MM HEADLESS STEEL SCREW
VIS000493,0,SCREW
VIS000495,0,SCREW
VIS000496,0,VIS 304L TCHC M04X16 DIN912
VIS000500,0,VM4X8 T FR HC INOX
VIS000502,0,COUNTERSUNK HEAD SCREW TFHC M4
VIS000510,0,VIS M4X10 ST PLAT INOX
VIS000511,10,VIS 304L ST PLAT M04X16 DIN913
VIS000526,0,COUNTERSUNK HEAD SCREW
VIS000552,0,SCREWS
VIS001114,0,"M3 X 4 ST, STAINLESS STEEL"
VIS001115,0,"M3 X 8 ST, STAINLESS STEEL"
VIS001116,0,VIS 304L ST PLAT M03X16 DIN913
VIS001118,10,VIS 304L ST PLAT M04X35 DIN913
VIS001188,0,MI 6X3F/90 INOX
VIS001234,0,Screw
VIS009770,0,VM4X15 T FR HC INOX
VIS011763,0,SCREW
VIS014361,10,VISM2X06 ST PLAT INOX
VIS016133,5,A RESORT BILLE
VIS016178,0,STAINLESS STEEL SCREW
VIS016185,0,"M2 X 3 ST, STAINLESS STEEL"
VIS016257,0,VIS 304L TBHC M05X08 (T.BOMBE)
VIS016263,0,1/4 TURN SCREW
VIS016265,0,"M2 X 4 ST, STAINLESS STEEL"
VIS016317,10,VIS A2 ST FEN BOUT PLAT M1.6X3
VISAA03A12,0,VM3X12 FR PLATE
VISAA03A20,0,VM3X20FR PLATE
VISAF02F06,0,M2X6 CHC INOX
VISAF03108,0,M3X8 ST PLAT INOX
VISAF03F06,0,M3X6 CHC INOX
VISAF03G06,0,M3X6  T FR HC INOX
VISAF03G16,0,M3X16  T FR HC INOX
VISAF04106,0,M4X6 ST PLAT INOX
VISAF04G10,0,M4X10 T FR HC INOX
VMT6_A0180,0,Aligner U/D Assembly
VMT6_A0540,0,ELEVATOR MAPPING UNIT
VMT6_A1605,0,ALIGNER ROTATION MOTOR
VMT6_A1630,0,ALIGNER END PIECE
VMT6_M0526,0,MONO ARM FINGER HEAD
VMT6_M0690,1,MIRROR SUPPORT
VMT6S01_A1600,0,VMT6 ALIGNER 2
VMT6S01_A1650,0,VMT6 ALIGNER 1
VMT6S06_M0526,0,Mono Arm Finger
VMT8,0,VERTICAL MIXED TRANSFER
VMT8_A0010,0,NON PENTIUM PC
VMT8_A0020,23,FIX MAPPING ASEMBLY
VMT8_A0030,0,EMO BUTTON
VMT8_A0033,12,TOOTHED ROD (FIX COMB)
VMT8_A0050,0,"CASSETTE STAND,RIGHT,VMT"
VMT8_A0051,0,"CASSETTE STAND,LEFT,VMT"
VMT8_A0080,0,FLOPPY DISK DRIVE+HOLDING
VMT8_A0114,1,SOFTKEY VMT
VMT8_A0130,0,FRONT PANEL UP/DOWN ASSEMBLY
VMT8_A0134,4,FRONT PANEL Z MOTOR
VMT8_A0138,0,GEAR
VMT8_A0180,35,ALIGNER U/D ASSEMBLY
VMT8_A0185,3,ALIGNER U/D MOTOR
VMT8_A0200,3,TRANSCARRIER ASSEMBLY
VMT8_A0203,4,TRANSCARRIER FORK PIECE
VMT8_A0205,0,TRC U/D MOTOR
VMT8_A0250,2,TRANSCARRIER F/B MOTOR
VMT8_A0312,5,RIGHT UPPER COMB
VMT8_A0322,4,LEFT UPPER COMB ASSEMBLY
VMT8_A0330V02,4,TRANSWAFER TRANSMISSION
VMT8_A0350,2,TRANSWAFER F/B MOTOR (OLD)
VMT8_A0350V02,4,TRANSWAFER F/B MOTOR (NEW)
VMT8_A0414,2,ELEVATOR X AXIS BELT TIGHTNER
VMT8_A0419,0,LEFTSIDE COVER
VMT8_A0435,0,CAMERA X AXIS RIBON CABLE
VMT8_A0500V02,0,ELEVATOR ASSEMBLY
VMT8_A0505,8,BATCH ELEVATOR U/D MOTOR
VMT8_A0515,0,"CLAMP, MONO LOCKING, CYLINDRIC"
VMT8_A0535,0,MONO ELEVATOR U/D MOTOR
VMT8_A0540,16,MAPPING UNIT
VMT8_A0550,5,ELEVATOR F/B MOTOR
VMT8_A0602,0,CAMERA ASSEMBLY (OLD)
VMT8_A0650,3,CAMERA F/B MOTOR
VMT8_A1120,4,STATUS LIGHT
VMT8_A1200,36,KEYBOARD ASSEMBLY
VMT8_A1251,0,"LOADING BAY, LEFT, VMT"
VMT8_A1252,0,"LOADING BAY, RIGHT, VMT"
VMT8_A1253,2,TRACKPAD
VMT8_A1800,5,ALIGNER ASSEMBLY
VMT8_A1805,8,ALIGNER ROTATION MOTOR
VMT8_A2100,0,SAFETY BRACKET
VMT8_A5500,1,ELEVATOR ASSEMBLY
VMT8_A5505,5,BATCH U/D MOTOR (PRISM)
VMT8_A5535,6,ELAVATOR U/D MONO (PRISMATIC)
VMT8_A8001,0,SCREEN-TOUCHSCREEN
VMT8_A8040,4,SCREEN-TOUCHSCREEN
VMT8_A8100,0,PC ASSEMBLY
VMT8_A91807,9,ROULEAI SUPPORT D3
VMT8_A91808,9,DRIVING SILLICON ROLLER
VMT8_A91821,0,POULIE REVETY JOINT
VMT8_M0005,21,ROTATING (10MM) ROD
VMT8_M0054,0,ON BUTTON
VMT8_M0056,0,OFF BUTTON
VMT8_M0076,0,VMT PC BRACE
VMT8_M0089,0,OLDHAM CENTER
VMT8_M0126,0,FIXED MAPPING SUB-ASSY
VMT8_M0130,2,FRONT PANEL U/D FLAG
VMT8_M0185,0,CARTER MOTEUR UP/DOWN
VMT8_M0205,2,BEARING SPACER
VMT8_M0211,3,COVER
VMT8_M0212,4,AXIS
VMT8_M0217,3,PULLEY SPACER
VMT8_M0218,3,END PART COVER
VMT8_M0222,3,PULLEY
VMT8_M0227,3,ENDLESS SCREW
VMT8_M0239,127,SHORT AXIS SCREW (TRC)
VMT8_M0247,2,PULLEY
VMT8_M0255,2,PINION
VMT8_M0256,2,ENDLESS SCREW
VMT8_M0266,5,WASHER
VMT8_M0267,3,SCREW
VMT8_M0276,0,BELT Z AXIS TRC
VMT8_M0306,0,GEAR SIDE GUIDE
VMT8_M0315,0,FIXING SCREWS
VMT8_M0349,0,GEAR SIDE GUIDE
VMT8_M0399,0,BELT X AXIS TRW RIGHT/LEFT
VMT8_M0404,0,CMR&ELV TROLLEY TOOTHED PULLEY
VMT8_M0406,0,CAM/ELV TROLLEY MTR GUIDE
VMT8_M0408,1,CAM/ELEV BEARING CLAMP SUPT
VMT8_M0423,0,500/600 OLDHAM AXIS
VMT8_M0451,0,X AXIS CLAMP
VMT8_M0454,0,X AXIS CLAMP
VMT8_M0501,0,GEAR WASHER
VMT8_M0504,0,GEAR
VMT8_M0507,0,LOWER PIN MONO
VMT8_M0515,0,"CLAMP, MONO LOCKING, CYLINDRIC"
VMT8_M0526,0,MONO FINGER BODY
VMT8_M0529,0,MONO FINGER COVER
VMT8_M0535,0,SHAFT
VMT8_M0568,0,BELT GEAR
VMT8_M0594,0,PULLEY GUIDE
VMT8_M0623,0,CAMERA UNIT ADJUSTMENT SCREW
VMT8_M0650,0,MIRROR
VMT8_M0651,0,MIRROR SUPPORT
VMT8_M0666,0,PROTECTION
VMT8_M0667,0,SMALL MIRROR LIGHT UNIT COVER
VMT8_M0668,0,DIFFUSOR
VMT8_M0690,0,MIRROR SUPPORT
VMT8_M1082,28,TOUCHSCREEN CORNERS CLAMP
VMT8_M1105,0,TRAVERSE AVANT
VMT8_M1330,3,BELT FRONT PANEL Z
VMT8_M1574,0,MONO HEAD COVER SCREWS
VMT8_M1576,1,BATCH Z AXIS BELT CYLINDRIC
VMT8_M1577,1,BELT ELEVATOR MONO Z
VMT8_M1801,0,CARTE ALIGNER
VMT8_M1802,0,COUVERCLE CARTE PIGNON
VMT8_M1803,13,ROLLER GEAR AXIS
VMT8_M1804,10,AXE PIGNON MOTEUR
VMT8_M1806,5,COUVERCLE ENS ROULEAUX
VMT8_M1811,5,CARTE OLDHAM
VMT8_M1812,5,FIXATION SECTEUR DENTEE
VMT8_M1813,5,SECTEUR DENTE
VMT8_M1814,7,3MM ROD
VMT8_M1818,5,SUPPORT CABLE
VMT8_M1819,10,BOUCHON CARTE ALIGNER
VMT8_M1820,10,BAGUE SUPPORT CONNECTEUR
VMT8_M1822,10,PIGNON MOTEUR ALIGNER
VMT8_M1825,10,PIGNON FOU
VMT8_M1826,20,FLAG SENSOR
VMT8_M1828,0,COUPE FAISCEAU
VMT8_M1829,7,AXE DENTRAIN ROULEAU
VMT8_M1833,10,BAGUE CONNECTEUR
VMT8_M1834,30,BAGUE CONNECTEUR
VMT8_M3001,0,TENSIONNER AXIS SCREW
VMT8_M3002,0,TENSIONNER NUT
VMT8_M3003,1,TENSIONNER
VMT8_M3004,0,TENSIONNER PULLEY
VMT8_M3005,0,TIGHTENER SETTING SCREW
VMT8_M4001,0,SPECIFIC CENTRING PIECE SPRING
VMT8_M4056,0,COVER SUPPORT PIECE
VMT8_M4060,0,BELT Z AXIS TRC
VMT8_M4061,4,BELT X AXIS ELEVATOR
VMT8_M4062,0,BELT X AXIS CMR
VMT8_M5515,0,"CLAMP, MONO LOCKING, PRISMATIC"
VMT8_M5522,1,BELT Z AXIS BATCH PRISMATIC
VMT8_M5538,0,BATCH ARM PRISMATIC
VMT8_M5549,1,BELT TRANSMISSION Z BATCHPRISM
VMT8_M5550,1,CAPOT
VMT8A00002,0,ELEVATOR FLAT CABLE GUIDE
VMT8A00003,3,CAMERA FLAT RIBBON CABLE
VMT8A00410,3,CAM/ELEV X DRIVING PULLEY/AXIS
VMT8A00503,4,VMT BATCH HEAD (NEW ELEVATOR)
VMT8A00522,7,STD BATCH HEADER FR CYLINDRICA
VMT8BBA00503,4,BTB BATCH HEAD
VMT8IB_M0670,0,MIRROR
VMT8IB_M0690,1,MIRROR
VMT8IN_0505,0,VMT8IN_0505
VMT8IN_A0312,3,RIGHT UPPER COMB
VMT8IN_A0322,5,LEFT UPPER COMB
VMT8IN_A0504,3,BTB HEAD ROTATION MOTOR
VMT8IN_A0505,43,BTB BATCH ELEV U/D MOTOR
VMT8IN_A0600V02,5,CAMERA LIGHTING UNIT
VMT8IN_A5500,1,BACK TO BACK ELEVATOR
VMT8IN_M1533,1,COVER
VMT8IN_M1567,1,BATCH Z AXIS BELT BTBCYLINDRIC
VMT8IN_O0502,3,METAL SHEET TO ADJUST BRAKE
VMT8IN_O0503,0,BRAKE GAGE
VMT8K01,0,KIT OF LINEAR BALL BEARINGS
VMT8K01_A,0,X AXIS BEARING KIT
VMT8K02,11,KIT OF LINEAR BALL BEARINGS
VMT8K03,2,KIT OF BEARINGS
VMT8K04,31,KIT SENSOR OPTOELECTRONICS
VMT8K05,5,KIT OF STATUS LIGHT BULB
VMT8K06,2,KIT OF SCREWS
VMT8K07,1,KIT OF FUSE
VMT8K08,6,BRAKE UPGRADEKIT
VMT8K11,1,LONG CABLE ENCODER
VMT8K12,14,SHORT CABLE ENCODER
VMT8K13,0,TRANSWAF.TRANSMISSION UPGRADE
VMT8K15,0,KIT FOR PENTIUM PC UPGRADE
VMT8K16,8,ALIGNER ROTATION CABLE
VMT8K17,0,NON PENTIUM PC HARD DRIVE
VMT8K18,0,PENTIUM HARD DRIVE
VMT8K19,11,KIT OF OPTICAL BARRIERS
VMT8K21,0,CONTAMINATION WAFERCONTACTKIT
VMT8K22,2,PENTIUM HARD DRIVE
VMT8K23,4,KIT OF FLAT CABLE GUIDE
VMT8K24,2,O RING VMT
VMT8K28,4,ELEVATOR TRANSMISSION KIT
VMT8K30,1,WIRED MONO FINGER KIT
VMT8K34,0,BACK SIDE SCRIBE KIT FORVMTBTB
VMT8K35,1,WIRED MONO FINGER KIT
VMT8K36,0,VMT UPS 220V
VMT8K37,4,BACKSIDE WIRED CAMERA
VMT8R01_A8100,1,PC
VMT8R01_M6205,0,WS08 BACKSIDE MIRROR
VMT8S01_M0262,0,SENSOR FLAG
VMTAC005,0,LED FOR CARRIER PRESENCE
VMTAC006,0,PHOTO FOR CARRIER PRESENCE
VMTAC017,10,ALIGNER MOTOR CABLE
VMTAC018,5,CABLE
VMTAC020,1,CABLE
VMTAC036,0,DETECTION CABLE
VMTAC045,2,ELEV MAPPING LED AND PHOTOTRAN
VMTAC059,0,ON SWITCH WITH CABLE
VMTAC067,2,MONO DETECTION CABLE
VMTAC070,0,RESET SWITCH W/CABLES
VMTAC071,1,SWITCH OFF CABLE
VMTAC081,5,LED AND PHOTOTRANS FIX MAPPING
VMTAC084,0,TRC FLAT RBBN CABLE Z GUIDE
VMTAC091,0,TRANSWAFER COMB PHOTOTRANS
VMTAC092,0,TRANSWAFER COMB LED
VMTAC099,0,U/D INT SENSOR (AL1)
VMTAC100,0,U/D INT SENSOR (AL2)
VMTAC101,0,CABLE INTERFACE BTB
VMTAC102,0,BTB HEAD SENSOR ASSEMBLY
VMTAC126,27,KEYBOARD CABLE
VMTAC149,0,POWER SUPPLY CABLE
VMTAC180,1,MONO DETECTION PINK CABLE
VMTAC184,35,BTB BATCH PINK CABLE
VMTAC197,0,BRAKE INTERFACE WIRE
VMTAH0011,9,LIGHTING BOARD
VMTAH0013,73,BRAKE ELEVATOR INTERFACE BOARD
VMTAH0014,2,BRAKE ELEV/MTHRBRD INT BOARD
VMTAH0015,15,SENSOR INTERFACE BOARD
VMTAH0016,0,BOOSTER BOARD
VMTAH0045,1,MOTHERBOARD
VMTAH0061,1,BTB INTERFACE BOARD
VMTAH0112,2,LIGHTING BOARD
VMTAH1500,91,MOTOR DRIVER BOARD
VMTAH1700,9,STATUS LIGHT BOARD
VMTAH1900,26,CPU BOARD
VMTAH2100,43,MOTOR INTERFACE BOARD
VMTAH2300,0,SCREEN DISTRIBUTION BOARD
VMTAH2500,1,UPPER COMB SENSOR INT. BOARD
VMTAH2700,20,COMMUNICATION BOARD
VMTAH2800,5,FIX MAPPING INT BOARD
VMTAH3000,0,DECOUPLING BOARD
VMTAH3700,1,CASSETTE PRESENCE SENSOR BOARD
VMTAH9090,13,MINI DIN BOARD (BCG)
VMTBC184,28,BTB BATCH PINK CABLE (PRISM)
VMTBH1500,9,MOTOR DRIVER BOARD
VMTBH1900,7,CAMERA INTERFACE BOARD
VMTBH3500,1,DC/DC POWER SUPPLY BOARD
VMTBH3600,0,POWER SUPPLY DISTI BOARD
VMTCH1500,6,SERIAL PORTSPROTECTION BOARD
VMTCH2100,0,TRC INTERFACE BOARD (AMD ONLY)
VMTCH3600,13,PWR SUPPLY MGMT BOARD
VMTP05A00600,0,VMT BSS CAMERA
VMTP05A00645,4,MIRROR
VMTS15M50003,0,MIRROR SUPPORT
VOYA00001,0,LAMP INDICATOR
VP,0,VESPEL PEEK PEN
VSNOSD,0,VACUUM WAND ESD
VSNOSD_G18,0,"VACUUM WAND, ESD SAFE 1/8 THD"
VWK_A,0,VACUUM WAND KIT
X00020,0,"PANDUIT, GUN"
X00362,2,PINCE ROBOT GRIP 485.17
XPPAH0090,0,MOTHERBOARD (2001)
XPPBH0090,1,MOTHERBOARD BPP/SPP
Y0109,49,PRISE 8M RJ45 NON BL. CBL RD
Y0110,0,CAB.RESEAU RJ45BLIND CAT5
Y0597,0,TIRIS CONVERTER
YA0042,2,SILLICON GLUE
Z0229,1,M16 TAP
Z_40PIN,0,SuperPro Z-40 PIN Universal Pr
ZC0212,0,DIGITAL COMPARATOR
ZC0225,2,MECHANICAL LEVEL 300MM
ZC0234,0,BELT TENSION METER
ZC0235,42,VIAL FOR BUBBLE LEVEL
ZC0237,2,TENSION METER
ZC0238,1,DYNAMO METER
ZC0239,4,READING HEAD TUNING TOOL
ZM0133,1,TAP WRENC
ZM0847,0,TORQUE SCREW DRIVER
ZM0848,2,LOCTITE 480 WAFER PIN GLUE
ZM0854,1,TOURNEVIS A FENTE 1.5MM
ZM0859,0,LONG FLAT HEAD SCREWDRIVER TIP
ZM523,0,BITS
